run,preprocessing,test,n,median_signed_change,median_absolute_change,p95_absolute_change,fraction_score_increased,threshold_flips,newly_above_threshold,original_above_threshold,changed_above_threshold
v3,raw,border_strip,256,0.019606588616452286,0.019623259212926708,0.03075938912168326,0.92578125,0,0,0,0
v3,raw,bright_square,256,0.002928037184227794,0.003908374453459318,0.010179138450662692,0.7265625,0,0,0,0
v3,raw,dark_square,256,0.002868898637063688,0.0035778752299227556,0.008305366373987655,0.77734375,0,0,0,0
v3,raw,checker,256,0.0008512670297450564,0.0015441858094135952,0.005268943028017892,0.64453125,0,0,0,0
v5,footprint,border_strip,256,0.006197063802050318,0.006285465322201894,0.015706501001056264,0.890625,0,0,0,0
v5,footprint,bright_square,256,-0.0011938958097848507,0.0018544665453598397,0.006024225157736984,0.359375,0,0,0,0
v5,footprint,dark_square,256,0.0004782476124710333,0.0020894896805241647,0.006157101702543452,0.57421875,0,0,0,0
v5,footprint,checker,256,-0.0011073444703757485,0.001768446325124684,0.004452828855628241,0.2890625,0,0,0,0
v6,border_fill,border_strip,256,0.0,0.0006524354861104642,0.002577719174452542,0.48046875,0,0,0,0
v6,border_fill,bright_square,256,-0.0013618078340615902,0.0021887086540227085,0.007281129066242939,0.30078125,0,0,0,0
v6,border_fill,dark_square,256,0.0007169994607398589,0.0018755720285407729,0.005941794732342076,0.609375,0,0,0,0
v6,border_fill,checker,256,-0.0011709948339721221,0.0017614691943424188,0.0054455170777424206,0.32421875,0,0,0,0
