filename,source_image_id,latitude,longitude,sun_angle,season,resolution,split
sample_05215.jpg,SRC_076,25.0,180.0,63.632584,N-autumn,0.25,validation
sample_06294.jpg,SRC_040,90.0,0.0,57.651744,N-spring,0.5,validation
sample_03955.jpg,SRC_046,0.0,180.0,58.061031,N-autumn,0.25,validation
sample_08098.jpg,SRC_038,-15.0,180.0,32.097448,N-winter,0.25,validation
sample_04878.jpg,SRC_092,5.0,180.0,57.429528,N-autumn,0.25,validation
sample_04442.jpg,SRC_108,-40.0,180.0,68.856247,N-summer,0.5,validation
sample_06804.jpg,SRC_109,50.0,180.0,54.137665,N-summer,0.25,validation
sample_01309.jpg,SRC_169,40.0,180.0,48.615664,N-summer,0.25,validation
sample_02209.jpg,SRC_121,25.0,180.0,67.446292,N-autumn,0.5,validation
sample_00352.jpg,SRC_101,5.0,180.0,48.479381,N-winter,0.25,validation
sample_04177.jpg,SRC_109,50.0,180.0,54.137665,N-summer,0.25,validation
sample_02749.jpg,SRC_040,90.0,0.0,57.651744,N-spring,0.5,validation
sample_08599.jpg,SRC_140,35.0,180.0,44.85556,N-spring,0.25,validation
sample_09221.jpg,SRC_108,-40.0,180.0,68.856247,N-summer,0.5,validation
sample_04636.jpg,SRC_066,-10.0,180.0,61.81065,N-summer,0.5,validation
sample_06027.jpg,SRC_046,0.0,180.0,58.061031,N-autumn,0.25,validation
sample_08867.jpg,SRC_066,-10.0,180.0,61.81065,N-summer,0.5,validation
sample_03299.jpg,SRC_040,90.0,0.0,57.651744,N-spring,0.5,validation
sample_05699.jpg,SRC_121,25.0,180.0,67.446292,N-autumn,0.5,validation
sample_00691.jpg,SRC_040,90.0,0.0,57.651744,N-spring,0.5,validation
sample_04351.jpg,SRC_108,-40.0,180.0,68.856247,N-summer,0.5,validation
sample_05258.jpg,SRC_106,25.0,180.0,40.638999,N-spring,0.5,validation
sample_09687.jpg,SRC_169,40.0,180.0,48.615664,N-summer,0.25,validation
sample_03665.jpg,SRC_108,-40.0,180.0,68.856247,N-summer,0.5,validation
sample_05953.jpg,SRC_106,25.0,180.0,40.638999,N-spring,0.5,validation
sample_00781.jpg,SRC_146,10.0,180.0,58.0428,N-summer,0.5,validation
sample_00882.jpg,SRC_108,-40.0,180.0,68.856247,N-summer,0.5,validation
sample_03044.jpg,SRC_130,25.0,180.0,37.507656,N-spring,0.25,validation
sample_05608.jpg,SRC_038,-15.0,180.0,32.097448,N-winter,0.25,validation
sample_06351.jpg,SRC_106,25.0,180.0,40.638999,N-spring,0.5,validation
sample_03401.jpg,SRC_121,25.0,180.0,67.446292,N-autumn,0.5,validation
sample_09860.jpg,SRC_065,30.0,180.0,68.700871,N-winter,0.5,validation
sample_03579.jpg,SRC_130,25.0,180.0,37.507656,N-spring,0.25,validation
sample_09606.jpg,SRC_076,25.0,180.0,63.632584,N-autumn,0.25,validation
sample_00826.jpg,SRC_109,50.0,180.0,54.137665,N-summer,0.25,validation
sample_10144.jpg,SRC_065,30.0,180.0,68.700871,N-winter,0.5,validation
sample_03447.jpg,SRC_106,25.0,180.0,40.638999,N-spring,0.5,validation
sample_02874.jpg,SRC_169,40.0,180.0,48.615664,N-summer,0.25,validation
sample_01682.jpg,SRC_076,25.0,180.0,63.632584,N-autumn,0.25,validation
sample_01314.jpg,SRC_046,0.0,180.0,58.061031,N-autumn,0.25,validation
sample_09026.jpg,SRC_040,90.0,0.0,57.651744,N-spring,0.5,validation
sample_03236.jpg,SRC_169,40.0,180.0,48.615664,N-summer,0.25,validation
sample_05483.jpg,SRC_121,25.0,180.0,67.446292,N-autumn,0.5,validation
sample_03162.jpg,SRC_070,60.0,180.0,58.788969,N-summer,0.5,validation
sample_03341.jpg,SRC_121,25.0,180.0,67.446292,N-autumn,0.5,validation
sample_01946.jpg,SRC_146,10.0,180.0,58.0428,N-summer,0.5,validation
sample_00217.jpg,SRC_169,40.0,180.0,48.615664,N-summer,0.25,validation
sample_09294.jpg,SRC_038,-15.0,180.0,32.097448,N-winter,0.25,validation
sample_04642.jpg,SRC_108,-40.0,180.0,68.856247,N-summer,0.5,validation
sample_00317.jpg,SRC_108,-40.0,180.0,68.856247,N-summer,0.5,validation
sample_04638.jpg,SRC_108,-40.0,180.0,68.856247,N-summer,0.5,validation
sample_08008.jpg,SRC_076,25.0,180.0,63.632584,N-autumn,0.25,validation
sample_04232.jpg,SRC_065,30.0,180.0,68.700871,N-winter,0.5,validation
sample_07539.jpg,SRC_109,50.0,180.0,54.137665,N-summer,0.25,validation
sample_04151.jpg,SRC_065,30.0,180.0,68.700871,N-winter,0.5,validation
sample_06958.jpg,SRC_140,35.0,180.0,44.85556,N-spring,0.25,validation
sample_05314.jpg,SRC_065,30.0,180.0,68.700871,N-winter,0.5,validation
sample_03210.jpg,SRC_169,40.0,180.0,48.615664,N-summer,0.25,validation
sample_03525.jpg,SRC_101,5.0,180.0,48.479381,N-winter,0.25,validation
sample_06534.jpg,SRC_108,-40.0,180.0,68.856247,N-summer,0.5,validation
sample_03762.jpg,SRC_108,-40.0,180.0,68.856247,N-summer,0.5,validation
sample_09976.jpg,SRC_092,5.0,180.0,57.429528,N-autumn,0.25,validation
sample_07225.jpg,SRC_040,90.0,0.0,57.651744,N-spring,0.5,validation
sample_01876.jpg,SRC_066,-10.0,180.0,61.81065,N-summer,0.5,validation
sample_10171.jpg,SRC_109,50.0,180.0,54.137665,N-summer,0.25,validation
sample_04031.jpg,SRC_118,35.0,180.0,49.493581,N-summer,0.25,validation
sample_01741.jpg,SRC_121,25.0,180.0,67.446292,N-autumn,0.5,validation
sample_08207.jpg,SRC_130,25.0,180.0,37.507656,N-spring,0.25,validation
sample_02341.jpg,SRC_108,-40.0,180.0,68.856247,N-summer,0.5,validation
sample_02452.jpg,SRC_066,-10.0,180.0,61.81065,N-summer,0.5,validation
sample_07116.jpg,SRC_040,90.0,0.0,57.651744,N-spring,0.5,validation
sample_08578.jpg,SRC_106,25.0,180.0,40.638999,N-spring,0.5,validation
sample_08393.jpg,SRC_065,30.0,180.0,68.700871,N-winter,0.5,validation
sample_06895.jpg,SRC_106,25.0,180.0,40.638999,N-spring,0.5,validation
sample_08369.jpg,SRC_121,25.0,180.0,67.446292,N-autumn,0.5,validation
sample_09359.jpg,SRC_076,25.0,180.0,63.632584,N-autumn,0.25,validation
sample_04714.jpg,SRC_106,25.0,180.0,40.638999,N-spring,0.5,validation
sample_03380.jpg,SRC_108,-40.0,180.0,68.856247,N-summer,0.5,validation
sample_01687.jpg,SRC_106,25.0,180.0,40.638999,N-spring,0.5,validation
sample_09472.jpg,SRC_040,90.0,0.0,57.651744,N-spring,0.5,validation
sample_10142.jpg,SRC_108,-40.0,180.0,68.856247,N-summer,0.5,validation
sample_02782.jpg,SRC_076,25.0,180.0,63.632584,N-autumn,0.25,validation
sample_08074.jpg,SRC_089,10.0,180.0,48.442522,N-winter,0.25,validation
sample_09430.jpg,SRC_092,5.0,180.0,57.429528,N-autumn,0.25,validation
sample_01246.jpg,SRC_146,10.0,180.0,58.0428,N-summer,0.5,validation
sample_04391.jpg,SRC_108,-40.0,180.0,68.856247,N-summer,0.5,validation
sample_07667.jpg,SRC_046,0.0,180.0,58.061031,N-autumn,0.25,validation
sample_00680.jpg,SRC_065,30.0,180.0,68.700871,N-winter,0.5,validation
sample_09919.jpg,SRC_076,25.0,180.0,63.632584,N-autumn,0.25,validation
sample_09588.jpg,SRC_089,10.0,180.0,48.442522,N-winter,0.25,validation
sample_07923.jpg,SRC_106,25.0,180.0,40.638999,N-spring,0.5,validation
sample_08429.jpg,SRC_040,90.0,0.0,57.651744,N-spring,0.5,validation
sample_02262.jpg,SRC_038,-15.0,180.0,32.097448,N-winter,0.25,validation
sample_10133.jpg,SRC_118,35.0,180.0,49.493581,N-summer,0.25,validation
sample_02855.jpg,SRC_121,25.0,180.0,67.446292,N-autumn,0.5,validation
sample_01240.jpg,SRC_108,-40.0,180.0,68.856247,N-summer,0.5,validation
sample_10093.jpg,SRC_101,5.0,180.0,48.479381,N-winter,0.25,validation
sample_00878.jpg,SRC_121,25.0,180.0,67.446292,N-autumn,0.5,validation
sample_08171.jpg,SRC_092,5.0,180.0,57.429528,N-autumn,0.25,validation
sample_06152.jpg,SRC_108,-40.0,180.0,68.856247,N-summer,0.5,validation
sample_00458.jpg,SRC_070,60.0,180.0,58.788969,N-summer,0.5,validation
sample_08455.jpg,SRC_108,-40.0,180.0,68.856247,N-summer,0.5,validation
sample_09542.jpg,SRC_046,0.0,180.0,58.061031,N-autumn,0.25,validation
sample_01123.jpg,SRC_109,50.0,180.0,54.137665,N-summer,0.25,validation
sample_09040.jpg,SRC_038,-15.0,180.0,32.097448,N-winter,0.25,validation
sample_06791.jpg,SRC_092,5.0,180.0,57.429528,N-autumn,0.25,validation
sample_10294.jpg,SRC_066,-10.0,180.0,61.81065,N-summer,0.5,validation
sample_07389.jpg,SRC_040,90.0,0.0,57.651744,N-spring,0.5,validation
sample_08662.jpg,SRC_108,-40.0,180.0,68.856247,N-summer,0.5,validation
sample_06211.jpg,SRC_146,10.0,180.0,58.0428,N-summer,0.5,validation
sample_07495.jpg,SRC_140,35.0,180.0,44.85556,N-spring,0.25,validation
sample_03722.jpg,SRC_038,-15.0,180.0,32.097448,N-winter,0.25,validation
sample_09356.jpg,SRC_065,30.0,180.0,68.700871,N-winter,0.5,validation
sample_00539.jpg,SRC_038,-15.0,180.0,32.097448,N-winter,0.25,validation
sample_04597.jpg,SRC_092,5.0,180.0,57.429528,N-autumn,0.25,validation
sample_09236.jpg,SRC_065,30.0,180.0,68.700871,N-winter,0.5,validation
sample_04120.jpg,SRC_038,-15.0,180.0,32.097448,N-winter,0.25,validation
sample_00272.jpg,SRC_108,-40.0,180.0,68.856247,N-summer,0.5,validation
sample_02741.jpg,SRC_065,30.0,180.0,68.700871,N-winter,0.5,validation
sample_05173.jpg,SRC_108,-40.0,180.0,68.856247,N-summer,0.5,validation
sample_03911.jpg,SRC_101,5.0,180.0,48.479381,N-winter,0.25,validation
sample_02922.jpg,SRC_109,50.0,180.0,54.137665,N-summer,0.25,validation
sample_01483.jpg,SRC_076,25.0,180.0,63.632584,N-autumn,0.25,validation
sample_04229.jpg,SRC_109,50.0,180.0,54.137665,N-summer,0.25,validation
sample_06266.jpg,SRC_040,90.0,0.0,57.651744,N-spring,0.5,validation
sample_00366.jpg,SRC_092,5.0,180.0,57.429528,N-autumn,0.25,validation
sample_06687.jpg,SRC_106,25.0,180.0,40.638999,N-spring,0.5,validation
sample_09576.jpg,SRC_109,50.0,180.0,54.137665,N-summer,0.25,validation
sample_04744.jpg,SRC_169,40.0,180.0,48.615664,N-summer,0.25,validation
sample_00784.jpg,SRC_106,25.0,180.0,40.638999,N-spring,0.5,validation
sample_07854.jpg,SRC_066,-10.0,180.0,61.81065,N-summer,0.5,validation
sample_07924.jpg,SRC_092,5.0,180.0,57.429528,N-autumn,0.25,validation
sample_00716.jpg,SRC_169,40.0,180.0,48.615664,N-summer,0.25,validation
sample_02434.jpg,SRC_108,-40.0,180.0,68.856247,N-summer,0.5,validation
sample_00868.jpg,SRC_066,-10.0,180.0,61.81065,N-summer,0.5,validation
sample_00931.jpg,SRC_169,40.0,180.0,48.615664,N-summer,0.25,validation
sample_10217.jpg,SRC_070,60.0,180.0,58.788969,N-summer,0.5,validation
sample_08978.jpg,SRC_108,-40.0,180.0,68.856247,N-summer,0.5,validation
sample_06844.jpg,SRC_108,-40.0,180.0,68.856247,N-summer,0.5,validation
sample_00491.jpg,SRC_076,25.0,180.0,63.632584,N-autumn,0.25,validation
sample_07659.jpg,SRC_076,25.0,180.0,63.632584,N-autumn,0.25,validation
sample_02911.jpg,SRC_169,40.0,180.0,48.615664,N-summer,0.25,validation
sample_03118.jpg,SRC_155,-5.0,180.0,59.117539,N-summer,0.25,validation
sample_06906.jpg,SRC_169,40.0,180.0,48.615664,N-summer,0.25,validation
sample_03904.jpg,SRC_076,25.0,180.0,63.632584,N-autumn,0.25,validation
sample_04979.jpg,SRC_070,60.0,180.0,58.788969,N-summer,0.5,validation
sample_02497.jpg,SRC_092,5.0,180.0,57.429528,N-autumn,0.25,validation
sample_08986.jpg,SRC_076,25.0,180.0,63.632584,N-autumn,0.25,validation
sample_04317.jpg,SRC_092,5.0,180.0,57.429528,N-autumn,0.25,validation
sample_05447.jpg,SRC_089,10.0,180.0,48.442522,N-winter,0.25,validation
sample_06474.jpg,SRC_169,40.0,180.0,48.615664,N-summer,0.25,validation
sample_04686.jpg,SRC_121,25.0,180.0,67.446292,N-autumn,0.5,validation
sample_01441.jpg,SRC_121,25.0,180.0,67.446292,N-autumn,0.5,validation
sample_06095.jpg,SRC_066,-10.0,180.0,61.81065,N-summer,0.5,validation
sample_03907.jpg,SRC_108,-40.0,180.0,68.856247,N-summer,0.5,validation
sample_04999.jpg,SRC_007,20.0,180.0,49.485932,N-winter,0.25,validation
sample_07411.jpg,SRC_121,25.0,180.0,67.446292,N-autumn,0.5,validation
sample_02073.jpg,SRC_038,-15.0,180.0,32.097448,N-winter,0.25,validation
sample_05451.jpg,SRC_038,-15.0,180.0,32.097448,N-winter,0.25,validation
sample_02830.jpg,SRC_143,90.0,0.0,68.916652,N-spring,0.5,validation
sample_01569.jpg,SRC_092,5.0,180.0,57.429528,N-autumn,0.25,validation
sample_06894.jpg,SRC_066,-10.0,180.0,61.81065,N-summer,0.5,validation
sample_02120.jpg,SRC_121,25.0,180.0,67.446292,N-autumn,0.5,validation
sample_02512.jpg,SRC_076,25.0,180.0,63.632584,N-autumn,0.25,validation
sample_09316.jpg,SRC_108,-40.0,180.0,68.856247,N-summer,0.5,validation
sample_04814.jpg,SRC_046,0.0,180.0,58.061031,N-autumn,0.25,validation
sample_04410.jpg,SRC_109,50.0,180.0,54.137665,N-summer,0.25,validation
sample_04621.jpg,SRC_092,5.0,180.0,57.429528,N-autumn,0.25,validation
sample_09505.jpg,SRC_066,-10.0,180.0,61.81065,N-summer,0.5,validation
sample_08519.jpg,SRC_065,30.0,180.0,68.700871,N-winter,0.5,validation
sample_08312.jpg,SRC_109,50.0,180.0,54.137665,N-summer,0.25,validation
sample_07426.jpg,SRC_089,10.0,180.0,48.442522,N-winter,0.25,validation
sample_07214.jpg,SRC_076,25.0,180.0,63.632584,N-autumn,0.25,validation
sample_08832.jpg,SRC_076,25.0,180.0,63.632584,N-autumn,0.25,validation
sample_09789.jpg,SRC_089,10.0,180.0,48.442522,N-winter,0.25,validation
sample_02801.jpg,SRC_066,-10.0,180.0,61.81065,N-summer,0.5,validation
sample_01157.jpg,SRC_070,60.0,180.0,58.788969,N-summer,0.5,validation
sample_05617.jpg,SRC_130,25.0,180.0,37.507656,N-spring,0.25,validation
sample_04712.jpg,SRC_118,35.0,180.0,49.493581,N-summer,0.25,validation
sample_07833.jpg,SRC_066,-10.0,180.0,61.81065,N-summer,0.5,validation
sample_09941.jpg,SRC_109,50.0,180.0,54.137665,N-summer,0.25,validation
sample_05536.jpg,SRC_108,-40.0,180.0,68.856247,N-summer,0.5,validation
sample_07830.jpg,SRC_092,5.0,180.0,57.429528,N-autumn,0.25,validation
sample_00524.jpg,SRC_066,-10.0,180.0,61.81065,N-summer,0.5,validation
sample_06213.jpg,SRC_121,25.0,180.0,67.446292,N-autumn,0.5,validation
sample_01319.jpg,SRC_040,90.0,0.0,57.651744,N-spring,0.5,validation
sample_00051.jpg,SRC_089,10.0,180.0,48.442522,N-winter,0.25,validation
sample_05641.jpg,SRC_140,35.0,180.0,44.85556,N-spring,0.25,validation
sample_06187.jpg,SRC_066,-10.0,180.0,61.81065,N-summer,0.5,validation
sample_00196.jpg,SRC_092,5.0,180.0,57.429528,N-autumn,0.25,validation
sample_05866.jpg,SRC_121,25.0,180.0,67.446292,N-autumn,0.5,validation
sample_09464.jpg,SRC_092,5.0,180.0,57.429528,N-autumn,0.25,validation
sample_05124.jpg,SRC_146,10.0,180.0,58.0428,N-summer,0.5,validation
sample_03524.jpg,SRC_121,25.0,180.0,67.446292,N-autumn,0.5,validation
sample_06373.jpg,SRC_169,40.0,180.0,48.615664,N-summer,0.25,validation
sample_00973.jpg,SRC_108,-40.0,180.0,68.856247,N-summer,0.5,validation
sample_05742.jpg,SRC_109,50.0,180.0,54.137665,N-summer,0.25,validation
sample_00395.jpg,SRC_040,90.0,0.0,57.651744,N-spring,0.5,validation
sample_04613.jpg,SRC_121,25.0,180.0,67.446292,N-autumn,0.5,validation
sample_09615.jpg,SRC_007,20.0,180.0,49.485932,N-winter,0.25,validation
sample_05247.jpg,SRC_089,10.0,180.0,48.442522,N-winter,0.25,validation
sample_09701.jpg,SRC_038,-15.0,180.0,32.097448,N-winter,0.25,validation
sample_09333.jpg,SRC_121,25.0,180.0,67.446292,N-autumn,0.5,validation
sample_05684.jpg,SRC_108,-40.0,180.0,68.856247,N-summer,0.5,validation
sample_07661.jpg,SRC_140,35.0,180.0,44.85556,N-spring,0.25,validation
sample_06051.jpg,SRC_066,-10.0,180.0,61.81065,N-summer,0.5,validation
sample_03583.jpg,SRC_155,-5.0,180.0,59.117539,N-summer,0.25,validation
sample_01644.jpg,SRC_076,25.0,180.0,63.632584,N-autumn,0.25,validation
sample_04540.jpg,SRC_140,35.0,180.0,44.85556,N-spring,0.25,validation
sample_03742.jpg,SRC_065,30.0,180.0,68.700871,N-winter,0.5,validation
sample_09149.jpg,SRC_038,-15.0,180.0,32.097448,N-winter,0.25,validation
sample_09504.jpg,SRC_040,90.0,0.0,57.651744,N-spring,0.5,validation
sample_07676.jpg,SRC_038,-15.0,180.0,32.097448,N-winter,0.25,validation
sample_03490.jpg,SRC_121,25.0,180.0,67.446292,N-autumn,0.5,validation
sample_02424.jpg,SRC_007,20.0,180.0,49.485932,N-winter,0.25,validation
sample_04419.jpg,SRC_121,25.0,180.0,67.446292,N-autumn,0.5,validation
sample_00391.jpg,SRC_130,25.0,180.0,37.507656,N-spring,0.25,validation
sample_02266.jpg,SRC_109,50.0,180.0,54.137665,N-summer,0.25,validation
sample_07334.jpg,SRC_092,5.0,180.0,57.429528,N-autumn,0.25,validation
sample_03016.jpg,SRC_118,35.0,180.0,49.493581,N-summer,0.25,validation
sample_03736.jpg,SRC_106,25.0,180.0,40.638999,N-spring,0.5,validation
sample_00904.jpg,SRC_109,50.0,180.0,54.137665,N-summer,0.25,validation
sample_09475.jpg,SRC_089,10.0,180.0,48.442522,N-winter,0.25,validation
sample_04235.jpg,SRC_038,-15.0,180.0,32.097448,N-winter,0.25,validation
sample_00464.jpg,SRC_070,60.0,180.0,58.788969,N-summer,0.5,validation
sample_07593.jpg,SRC_121,25.0,180.0,67.446292,N-autumn,0.5,validation
sample_08769.jpg,SRC_065,30.0,180.0,68.700871,N-winter,0.5,validation
sample_03620.jpg,SRC_121,25.0,180.0,67.446292,N-autumn,0.5,validation
sample_00151.jpg,SRC_033,45.0,180.0,66.067561,N-summer,0.25,validation
sample_06086.jpg,SRC_146,10.0,180.0,58.0428,N-summer,0.5,validation
sample_02069.jpg,SRC_169,40.0,180.0,48.615664,N-summer,0.25,validation
sample_04525.jpg,SRC_066,-10.0,180.0,61.81065,N-summer,0.5,validation
sample_04539.jpg,SRC_092,5.0,180.0,57.429528,N-autumn,0.25,validation
sample_07988.jpg,SRC_121,25.0,180.0,67.446292,N-autumn,0.5,validation
sample_02371.jpg,SRC_109,50.0,180.0,54.137665,N-summer,0.25,validation
sample_09341.jpg,SRC_040,90.0,0.0,57.651744,N-spring,0.5,validation
sample_00588.jpg,SRC_089,10.0,180.0,48.442522,N-winter,0.25,validation
sample_03612.jpg,SRC_092,5.0,180.0,57.429528,N-autumn,0.25,validation
sample_00058.jpg,SRC_109,50.0,180.0,54.137665,N-summer,0.25,validation
sample_05493.jpg,SRC_046,0.0,180.0,58.061031,N-autumn,0.25,validation
sample_08324.jpg,SRC_108,-40.0,180.0,68.856247,N-summer,0.5,validation
sample_02510.jpg,SRC_092,5.0,180.0,57.429528,N-autumn,0.25,validation
sample_08354.jpg,SRC_121,25.0,180.0,67.446292,N-autumn,0.5,validation
sample_03476.jpg,SRC_108,-40.0,180.0,68.856247,N-summer,0.5,validation
sample_02557.jpg,SRC_108,-40.0,180.0,68.856247,N-summer,0.5,validation
sample_01348.jpg,SRC_076,25.0,180.0,63.632584,N-autumn,0.25,validation
sample_06023.jpg,SRC_089,10.0,180.0,48.442522,N-winter,0.25,validation
sample_02049.jpg,SRC_092,5.0,180.0,57.429528,N-autumn,0.25,validation
sample_00715.jpg,SRC_065,30.0,180.0,68.700871,N-winter,0.5,validation
sample_06586.jpg,SRC_108,-40.0,180.0,68.856247,N-summer,0.5,validation
sample_06699.jpg,SRC_109,50.0,180.0,54.137665,N-summer,0.25,validation
sample_03745.jpg,SRC_108,-40.0,180.0,68.856247,N-summer,0.5,validation
sample_04066.jpg,SRC_065,30.0,180.0,68.700871,N-winter,0.5,validation
sample_03292.jpg,SRC_040,90.0,0.0,57.651744,N-spring,0.5,validation
sample_08501.jpg,SRC_108,-40.0,180.0,68.856247,N-summer,0.5,validation
sample_01363.jpg,SRC_108,-40.0,180.0,68.856247,N-summer,0.5,validation
