filename,original,jpeg_control,border_strip,bright_square,dark_square,checker
sample_05215.jpg,0.4424684990778701,0.4429262267849477,0.4445793665200968,0.44107655231248694,0.44592564698842696,0.44162362013281226
sample_06294.jpg,0.45052972098493993,0.4489651160909794,0.45093487577710234,0.4463255043943941,0.4501029207506563,0.44885705492537914
sample_03955.jpg,0.4282094650896854,0.42814620446089163,0.43303559672872405,0.4239521034466824,0.42644595888360093,0.4271683223549596
sample_08098.jpg,0.4503734860758287,0.4513154550419245,0.4466109559845401,0.4503364205429563,0.45194021913895793,0.45204676124740817
sample_04878.jpg,0.42592195839535396,0.42515742998617545,0.43789071506639293,0.42270786333737775,0.4268118803102505,0.42250782034468715
sample_04442.jpg,0.4297250933848955,0.429913890794897,0.426851428202808,0.4299873464899386,0.43138577106910553,0.42824945246423946
sample_06804.jpg,0.426668163708764,0.4265907638655795,0.43330423045287203,0.4225696261758169,0.42388673642606167,0.4234909475579086
sample_01309.jpg,0.41562201292558804,0.4155751106712234,0.42394599534252003,0.41758788353043613,0.4160830631922844,0.4128081845716563
sample_02209.jpg,0.431790804937182,0.4315305101259897,0.4336831662691457,0.4317415377059731,0.43244382617511035,0.4288497074035168
sample_00352.jpg,0.4288568465162126,0.4285130471271973,0.44299122345985414,0.4219393959993165,0.4306955204266342,0.427766604178835
sample_04177.jpg,0.4272088651288983,0.42696200071042506,0.4336669398946441,0.4236761080331836,0.4276471370136987,0.4249248883764203
sample_02749.jpg,0.4445506573809492,0.44345745481271326,0.4430743707641307,0.43918901100785257,0.4402773087700062,0.443074324152594
sample_08599.jpg,0.42785710271646776,0.4265497009222447,0.4317197100034499,0.4252729563549753,0.4290143720851303,0.42467949835325935
sample_09221.jpg,0.4323714443360378,0.43246146024533616,0.43009452209158716,0.4283388249946849,0.4279305854541393,0.42854097868675084
sample_04636.jpg,0.429312848652556,0.4289989896728602,0.4449477016021833,0.42863908356133124,0.43557257834905155,0.4303345142456551
sample_06027.jpg,0.42148752235290154,0.4216105156780027,0.4313653135692501,0.42013072357528064,0.4205204378969884,0.42197700922581804
sample_08867.jpg,0.43271618158025277,0.4326231597611282,0.4389764499296277,0.42847655620903874,0.43287023693618804,0.4280288627231087
sample_03299.jpg,0.433288161438703,0.43390771560090907,0.4423028683721036,0.4344887358728677,0.4360637199396299,0.43473840861745555
sample_05699.jpg,0.43150625666685555,0.43128782109986696,0.4365220728061908,0.430337718329417,0.430327461796509,0.43262498432522617
sample_00691.jpg,0.42661967660464506,0.4269052333296586,0.43562459876039206,0.42817426300212447,0.4280690736626793,0.4252061597330947
sample_04351.jpg,0.4284075047579353,0.428885264179188,0.43307878729448834,0.42980336975638483,0.43204101413490925,0.42866513819876356
sample_05258.jpg,0.43016362238226713,0.42982447197826507,0.44270441372710445,0.43257956624417715,0.4353398501303348,0.4282326986494722
sample_09687.jpg,0.4218522384367588,0.4221298569671919,0.4275588678691665,0.4194494722401259,0.4235689769898728,0.42035539719432274
sample_03665.jpg,0.4271339342538835,0.4272997529305843,0.4283064876885501,0.422936332927118,0.42399650396069133,0.4257026562312867
sample_05953.jpg,0.4236486446252405,0.4238574884545588,0.4322289698413871,0.42303567324380914,0.4278486074989821,0.4211520301467857
sample_00781.jpg,0.43427265942275367,0.43393003025783866,0.4441563635134011,0.4338187647664275,0.43487598416870604,0.4313803539376364
sample_00882.jpg,0.4234653968446471,0.4230636359965493,0.43589677900447243,0.42175568737712804,0.42296721146616095,0.4190154421418479
sample_03044.jpg,0.43653917383122204,0.43682787307623383,0.4423746260028241,0.44363654741996683,0.43568067768813973,0.43658493326302755
sample_05608.jpg,0.43376898797207697,0.4335102940344337,0.4420540111400599,0.4350282572143005,0.437783162897972,0.4307900683229525
sample_06351.jpg,0.4484742422382384,0.44867044381979165,0.4501326192369122,0.4451471484001076,0.4493441169686151,0.4467260438777737
sample_03401.jpg,0.43525119855531785,0.43535103850745277,0.44027664538382866,0.43154458791231326,0.4397696810701868,0.4334043332424932
sample_09860.jpg,0.4249953417560291,0.4254994371409857,0.4354803316098267,0.4219553358426573,0.42269951329485195,0.42313986239492735
sample_03579.jpg,0.44287804222707505,0.4429866548760494,0.4459831356133518,0.44156354652724583,0.43772593812478083,0.44098167851510983
sample_09606.jpg,0.43876812434570706,0.43893365283396607,0.44380326389659097,0.43443705537888133,0.4371805871180823,0.43860581000182736
sample_00826.jpg,0.4462501438797454,0.4500696856886627,0.4414654401498937,0.43878335472323093,0.4423091174472382,0.444122170616498
sample_10144.jpg,0.41937915663921793,0.41961172770064603,0.4309808501439881,0.4260769235257277,0.4247747754671353,0.42370240732209646
sample_03447.jpg,0.43966070719885536,0.44007918276105906,0.44406965642953555,0.4422184786586621,0.43761450001005725,0.4414850389470621
sample_02874.jpg,0.4218300165521483,0.4218182569422484,0.42805841406147604,0.42202911320637826,0.4231193968093247,0.42123038752788083
sample_01682.jpg,0.4363052957135837,0.43678069101696976,0.4430572974079368,0.43455385408172226,0.43724216904179336,0.4344057645645861
sample_01314.jpg,0.4376415046330977,0.4372185716766772,0.4410666300377561,0.4353454546857321,0.4374604615355066,0.4354673087415193
sample_09026.jpg,0.4211494471425889,0.4206994830411013,0.43825724844590974,0.4236046783278478,0.4243653238176456,0.4232791809728482
sample_03236.jpg,0.4293986978930635,0.4305622881581701,0.43983897091118823,0.43340452270261676,0.4354528922443159,0.4312177613593392
sample_05483.jpg,0.4203183089340805,0.4205055435521818,0.42923703776509164,0.41747083957133607,0.4241605387483702,0.41585685761996527
sample_03162.jpg,0.43684858550917643,0.43679001865564027,0.44097475139470377,0.4377594352482862,0.43372639679954117,0.4365768702535864
sample_03341.jpg,0.4342319710337447,0.4342370391366638,0.4435360132311851,0.4328984744840027,0.431810291589374,0.4320462861104716
sample_01946.jpg,0.44374973879662444,0.4437564116083204,0.437790322474033,0.44213146033617645,0.4391993586031262,0.44112910819234236
sample_00217.jpg,0.4359405505863798,0.436708801661814,0.4386550652019541,0.43593649690081043,0.43613524743927,0.43630972368044
sample_09294.jpg,0.44070533353400015,0.4409602726909335,0.44173450312158874,0.4441397407814087,0.43989738285928554,0.4404603860340346
sample_04642.jpg,0.4303322560158222,0.43084001680552736,0.43530636363492475,0.42863478187606147,0.4276914106293263,0.4260975540772563
sample_00317.jpg,0.42150300726647427,0.4217681594767862,0.43466680648939743,0.42001273374213566,0.4214557172192241,0.4174203892100459
sample_04638.jpg,0.42611069409741487,0.42537050351724043,0.44190393399864175,0.42724471908266215,0.4289048489387022,0.42615019880401944
sample_08008.jpg,0.42636034774975856,0.4262603787933934,0.4348997915469993,0.42959188614546673,0.43205953302623035,0.4278845859867624
sample_04232.jpg,0.450614489084509,0.45400092049153556,0.44286893619627943,0.45151384887825746,0.44912482494855427,0.4478418008887946
sample_07539.jpg,0.4344961345084259,0.4345940194009663,0.4339983492005014,0.4311173568264067,0.4315931134550954,0.43295725743991015
sample_04151.jpg,0.4375035737249473,0.4371648917266842,0.4425164931993223,0.4349763720716496,0.4314313140046578,0.4342256823125794
sample_06958.jpg,0.43845988104093625,0.4410460182281883,0.4335016578841263,0.4362427994439216,0.4407727766765254,0.4375989998156653
sample_05314.jpg,0.41793879938505973,0.4178329244031148,0.4228564794621394,0.4169040435389747,0.42062042062773575,0.41871374950433493
sample_03210.jpg,0.4189155074201802,0.41879264088394247,0.4267096544085992,0.41861041736172133,0.41953206833742773,0.417044628054599
sample_03525.jpg,0.4440937855764069,0.44728635562615543,0.45434266233059345,0.43961473263796147,0.4384335424927651,0.44271781232194285
sample_06534.jpg,0.4303782937455196,0.43055743281208075,0.4400824178701543,0.4292895994070822,0.43246670480852406,0.42858959945573494
sample_03762.jpg,0.41978649330347284,0.41976784931255007,0.4322097203385041,0.4189173213604553,0.4266901679963935,0.41963831494419773
sample_09976.jpg,0.4402695950176072,0.4405688987564533,0.44786441506055297,0.44196162802664,0.44003162682164343,0.4393650976410539
sample_07225.jpg,0.44050371379087444,0.43960090042543504,0.453548091046065,0.44071005843829325,0.44062706653527933,0.4421909049298505
sample_01876.jpg,0.43033457327777175,0.4303055862702668,0.4383640571556147,0.4261289614144686,0.43286307832762183,0.42886890395689853
sample_10171.jpg,0.4333051066844825,0.4333657553762903,0.4341540907252331,0.4315133403901693,0.4307839177475498,0.4275395176183375
sample_04031.jpg,0.41963930601898997,0.42053293282030985,0.43372654016748713,0.42010045198884094,0.42128894993385657,0.42172561098288497
sample_01741.jpg,0.4275980069290349,0.42789915005743934,0.43237620113526953,0.4248287255785038,0.42851793696380525,0.42697572009113116
sample_08207.jpg,0.43830052367220135,0.43841094696061367,0.4406675064949946,0.4379547045556346,0.43486592322022066,0.43650334165736965
sample_02341.jpg,0.43212260933330526,0.432390000080786,0.4308866530237571,0.42359451644108986,0.42696115074876806,0.42887300028893227
sample_02452.jpg,0.42237376957605316,0.42245160967117046,0.43519058009328726,0.4266630117086358,0.4199266612263111,0.4202207531171749
sample_07116.jpg,0.42017616973473754,0.4203089655287935,0.43435029305078915,0.42146862746397834,0.42321009881682203,0.42148609745850524
sample_08578.jpg,0.42504906066513404,0.4247127876249887,0.4395277793900873,0.4310944913825466,0.4315480527895065,0.42005959221887584
sample_08393.jpg,0.4358009921640478,0.43620378099515894,0.4424995204134113,0.43702620451517354,0.433371974297825,0.43666987746047764
sample_06895.jpg,0.4257186373435157,0.42595373396006225,0.4290354933102007,0.4211329309147369,0.4240705919921008,0.4177964598696875
sample_08369.jpg,0.4327405843047234,0.43228315851647786,0.44396992426314597,0.43383472141714985,0.43258700173886105,0.4340630204914351
sample_09359.jpg,0.43048526082670285,0.43239473483182056,0.4350315233478126,0.43224954325275333,0.4296493105283493,0.43147418452667263
sample_04714.jpg,0.42896974909864777,0.42832556287525597,0.4339011063931101,0.4270996637843488,0.4273608725455272,0.4267299956427928
sample_03380.jpg,0.4217049348408612,0.4223780695062311,0.4320480677057619,0.4203512680996302,0.42743050497157126,0.41619302290094673
sample_01687.jpg,0.43574668076214773,0.4358210433931789,0.4440654006001668,0.4375395808665893,0.43471037958714337,0.433346524442432
sample_09472.jpg,0.43497577091553347,0.4345241297543588,0.4490718515429507,0.43477180819831407,0.43647149091832854,0.4367097223211215
sample_10142.jpg,0.42894497640919266,0.42789376426716463,0.4430158351460565,0.4307473708157752,0.4302457184007457,0.4279492182006795
sample_02782.jpg,0.42886190025565063,0.42922264149351963,0.43652358933130325,0.4271296313814991,0.4277659819744712,0.4282449365319794
sample_08074.jpg,0.43616124379535504,0.4362674455746414,0.4406577046703215,0.43759728461895686,0.4372980878012265,0.43633458112491463
sample_09430.jpg,0.44160047501473954,0.4442542988467733,0.4476580863365799,0.4423548853724585,0.44816985312898583,0.4424661473182596
sample_01246.jpg,0.4395374458068592,0.43967262323037687,0.44477226011773874,0.4354248455346754,0.4362503215196071,0.4368802863989466
sample_04391.jpg,0.4391874504535013,0.43894223338557997,0.4342975886706321,0.43516703024640435,0.4362519286216836,0.43882983105066187
sample_07667.jpg,0.43767223279965106,0.43680239692085493,0.44034789448409145,0.43672985377898815,0.43662676137976203,0.4386710134595504
sample_00680.jpg,0.4268592833952501,0.42696781348637436,0.4338897226610858,0.4286981311716708,0.42902476644795406,0.4256088535453011
sample_09919.jpg,0.43517442216834396,0.4352450648143722,0.4423477321827122,0.4390207488874194,0.43956522202391435,0.4398221755395065
sample_09588.jpg,0.43139232887774115,0.4313331369858159,0.43633961778725083,0.4260331934344363,0.4300502758260008,0.42797796941794747
sample_07923.jpg,0.4426095065880842,0.44220656025356664,0.44766300898810213,0.44381019728236476,0.4433623778298239,0.4397112486449633
sample_08429.jpg,0.42467507594257925,0.424839068941665,0.4421530536643593,0.42495542887791793,0.43081088034009873,0.42819436981187387
sample_02262.jpg,0.43679922989616204,0.43647935717965336,0.44065541259461843,0.4401183617798235,0.4387250000954552,0.4351569636786754
sample_10133.jpg,0.4253282461330265,0.42419303303924455,0.4351212886832275,0.42705412285565497,0.42786132868555515,0.424804049487847
sample_02855.jpg,0.4175727285002493,0.41819581061509725,0.4295787703629244,0.41527179672615094,0.42048979213967674,0.4171296402770106
sample_01240.jpg,0.4181907031273615,0.419216518256906,0.4331097854128675,0.42027665209714826,0.4222532054727045,0.4158264152317637
sample_10093.jpg,0.42530375776145546,0.42519854313045063,0.4421521808787994,0.42606835286084727,0.4282052201086602,0.4275524177023919
sample_00878.jpg,0.43586902071812955,0.4362677348519386,0.44288632053109683,0.4357139113709438,0.43223321109255775,0.43388718748119515
sample_08171.jpg,0.4378284272850267,0.4381158607239804,0.4453236280930626,0.43685021659662004,0.44062130679468364,0.43812929606940654
sample_06152.jpg,0.41660373375570925,0.4166457834875373,0.43355229082499436,0.41734367502340214,0.4229189532176107,0.4157199449369371
sample_00458.jpg,0.4343818264736974,0.43459861139524775,0.44041689658445343,0.4334190554924856,0.43586865184394835,0.43241421720711254
sample_08455.jpg,0.45131901168046157,0.4507709019555664,0.4521088996093902,0.44782793455686476,0.4465202881035047,0.4502404512692492
sample_09542.jpg,0.4307988748238346,0.43113981016735614,0.4373957074652337,0.4317909606810854,0.4334550753540073,0.4321608430142018
sample_01123.jpg,0.4340455562963344,0.434153800751578,0.4334598500801914,0.4324545221750648,0.4359547994758745,0.4318735624902957
sample_09040.jpg,0.4406356551262056,0.44063489233136943,0.44778351139169376,0.43799195149186926,0.4361604818870086,0.4397981486199908
sample_06791.jpg,0.44283377220148096,0.4449326697655464,0.4519362093829484,0.4430835399325063,0.4458021601350567,0.4453742243503098
sample_10294.jpg,0.42743528567234745,0.42753779905978884,0.4329540654810672,0.42683643854832515,0.4249520659497425,0.42659081601152565
sample_07389.jpg,0.42896456368483926,0.4285950791304627,0.4361023607944845,0.42949486240975665,0.4276894876561988,0.4294508329477119
sample_08662.jpg,0.4351201280433018,0.4349999901292019,0.43547981564378835,0.4343986863229938,0.43259394376572663,0.431834472220135
sample_06211.jpg,0.44214047063371553,0.44235335032170187,0.4418314513084459,0.44303860710426873,0.44500537376146904,0.4420365548752725
sample_07495.jpg,0.42205339853198026,0.421730630316639,0.4329673221975702,0.4205751570603232,0.421081929332547,0.41925092331533725
sample_03722.jpg,0.44900387063982805,0.4497983035112461,0.4513946719888629,0.4459883673208177,0.44751714048318614,0.4482963801569833
sample_09356.jpg,0.4350114816841387,0.4351319249540659,0.4394677974922092,0.43408748128336216,0.4353716454609494,0.43434633713768783
sample_00539.jpg,0.43040964036121493,0.43080970429897636,0.43863829802818255,0.42451857852892466,0.43489092699348153,0.4270479562407427
sample_04597.jpg,0.4354693321998169,0.43513425413431345,0.4387725019534701,0.43742578634143825,0.43579601275695845,0.43735301558103534
sample_09236.jpg,0.43741591676290337,0.43911092482583025,0.4372642367682854,0.4348501877939959,0.439797463914543,0.4371473264075682
sample_04120.jpg,0.437154506943742,0.43769671051905423,0.44007945147299116,0.43384443204931805,0.43764995190198774,0.4359043297469449
sample_00272.jpg,0.41949260850884584,0.4189728129069201,0.42675596722106385,0.4218014855121619,0.41911783246449597,0.4168949496289887
sample_02741.jpg,0.43158367866122593,0.43133649879728064,0.43858891609938666,0.43257382682236106,0.4350127090829517,0.4308430263245747
sample_05173.jpg,0.4244198110402234,0.42425025686587914,0.43115927258160114,0.4244589767119666,0.4265103793382673,0.42171889696925335
sample_03911.jpg,0.4327696953246988,0.43392494097919204,0.44586177916213776,0.43545529505183506,0.4353291480267073,0.4349164027696193
sample_02922.jpg,0.4379302467620314,0.43968663183640916,0.4459965844200009,0.4391409617273314,0.43826271163980596,0.43592552180729655
sample_01483.jpg,0.4284528396557224,0.42836965689034323,0.43712042536271706,0.4322337230349481,0.4231850325424529,0.42783287486322974
sample_04229.jpg,0.4280168796598422,0.4281794501308738,0.4326872768327923,0.42353497272954516,0.42873085245171394,0.42557904232268834
sample_06266.jpg,0.42344377714763154,0.4229942383103126,0.4398388216764587,0.423641946944866,0.42670056841744597,0.42615825491410664
sample_00366.jpg,0.4398367708294644,0.4398472076068763,0.44394995577375174,0.4402067110518197,0.43929433630314146,0.4398726041122982
sample_06687.jpg,0.4359046300940062,0.4364228844133966,0.43842720463682877,0.4349522320015822,0.43656188057682976,0.4350011808877128
sample_09576.jpg,0.42704902021807,0.42695822948628737,0.4342639356203339,0.4210318635802249,0.42519117922088046,0.4239192427128595
sample_04744.jpg,0.4309710625988546,0.4316216218332572,0.436285759422078,0.43095928654944954,0.4295902286402867,0.4299870137102638
sample_00784.jpg,0.44640936065041986,0.4466630938975454,0.4449742935890624,0.44468218770867357,0.44527668828034306,0.4461000505518044
sample_07854.jpg,0.4346347027683862,0.43488600591367194,0.44266339506021707,0.4358071636142778,0.4314445020426722,0.43524482444459234
sample_07924.jpg,0.43882449359207193,0.4385082732524671,0.452947552957209,0.43657906536116564,0.4349772567445336,0.4399040334263975
sample_00716.jpg,0.4152996104438855,0.4155737237733123,0.4355894673368743,0.422922771474371,0.42276516153327887,0.4167944256657231
sample_02434.jpg,0.4294511577305337,0.42938124162449604,0.4418422929496901,0.4295589524034268,0.42726700172681653,0.4251346315612568
sample_00868.jpg,0.4429501921137989,0.4431827285690284,0.44664398969108043,0.4376638372593859,0.43659249453041593,0.4378187085964113
sample_00931.jpg,0.41718782473574595,0.4169594132325513,0.4261433238245944,0.41967028718173927,0.420739503236535,0.41606337813237204
sample_10217.jpg,0.4408045281173485,0.44095914964388055,0.4423748776629893,0.44424149314689687,0.4396407874860825,0.4415961626372869
sample_08978.jpg,0.42607062215007596,0.4258385468179047,0.4324604329583442,0.4228543161378236,0.4250537373494159,0.42266013699803784
sample_06844.jpg,0.42807325087545095,0.42818047125714087,0.42986457017412666,0.4285976938843417,0.42974394819855,0.4251376328815537
sample_00491.jpg,0.436989581246431,0.4367337035278892,0.4374416093667592,0.4368016459963466,0.4395610791869868,0.4388371974886145
sample_07659.jpg,0.4311796745207666,0.4308921000664035,0.4457738136699459,0.4325790571571318,0.43145539028313534,0.43172361330652964
sample_02911.jpg,0.4483408226700903,0.45034474237296596,0.45154104949810653,0.4452925952122907,0.44822457045034875,0.450913691273161
sample_03118.jpg,0.4330328937051001,0.4309138246542275,0.4294680129480052,0.4311447919949637,0.43331029436562185,0.4289463300458427
sample_06906.jpg,0.41593264234285493,0.41583356083117395,0.42729431889196007,0.417818079286304,0.4180393455563813,0.4134535540874819
sample_03904.jpg,0.4337674383116321,0.43425755157909185,0.44056466766785973,0.43467391247306864,0.43252187054558205,0.43368198414473563
sample_04979.jpg,0.4277564135907138,0.4277706732847351,0.4357975027693825,0.4285584081547561,0.4296060945144024,0.42580717723668865
sample_02497.jpg,0.42566683405523414,0.4257595446402375,0.4414460500782199,0.42719054623884445,0.42921076554765153,0.42794523691658753
sample_08986.jpg,0.43256682421743814,0.4331183894691883,0.43519432681812426,0.4297065925960604,0.43266313155171815,0.43180996137998673
sample_04317.jpg,0.4412192281140348,0.4413230556753246,0.4417511882314199,0.4370361575054707,0.4384097658795153,0.43848877922144597
sample_05447.jpg,0.4217219567980801,0.42138850856033094,0.43480437105526054,0.4213907291023654,0.42247856516824495,0.4224854505200256
sample_06474.jpg,0.4174722888236152,0.41731869077856254,0.42196187166573035,0.4163729892658931,0.42146561912616165,0.41690740953197675
sample_04686.jpg,0.4340892641540902,0.4342344518093937,0.44528394721131276,0.42802804906758013,0.4331850501685583,0.4312228614755945
sample_01441.jpg,0.430953734427148,0.4307290306243508,0.4366682113114951,0.4275184628945507,0.42936502838269913,0.43071414980620476
sample_06095.jpg,0.43355801983575726,0.43352374672783195,0.4382349342056837,0.43406398031702187,0.43179296560655717,0.4316251851294725
sample_03907.jpg,0.42024446723099884,0.4200222459277822,0.43788444888980504,0.4217826576875222,0.42606469449968215,0.4188138991630801
sample_04999.jpg,0.4357603585244316,0.4357951808872243,0.44022462039264104,0.4342469461778976,0.4387374174304083,0.437836875011441
sample_07411.jpg,0.4290229042994712,0.4292525245162056,0.43852727170162553,0.4267176533874935,0.4253096509048321,0.4289508490372538
sample_02073.jpg,0.4389830986375125,0.4413084108290779,0.44582511691389015,0.4365799353103552,0.4359965564318576,0.43817942040535296
sample_05451.jpg,0.42421310038106663,0.42409367777898244,0.4309154863803205,0.4229857561824519,0.4262221612269771,0.4238270850210159
sample_02830.jpg,0.4335738816525088,0.43258643685583476,0.4436356944024895,0.4359768739947659,0.4390741932667154,0.4347111514807945
sample_01569.jpg,0.4318845424462031,0.43173378579474286,0.4345745281389314,0.43249751542723935,0.4307469220018608,0.431922016279181
sample_06894.jpg,0.43459902728095845,0.4345287791957437,0.4392172233858781,0.4296581442379429,0.4301397867927861,0.43337904573405556
sample_02120.jpg,0.4324080117138413,0.43227549072462335,0.4402421894077366,0.4311887584317102,0.4256838169086435,0.43260349468920856
sample_02512.jpg,0.42986406450563647,0.42999891678702035,0.4356001456035035,0.42791910320143095,0.42879399518776645,0.429795441531664
sample_09316.jpg,0.421866830342394,0.4219046793859196,0.42863067656436,0.4207756617989888,0.42437336455152874,0.4186819278406957
sample_04814.jpg,0.4350471307925318,0.4350734960638622,0.43753572105414634,0.43359877459436835,0.43250644558552215,0.43286658287868546
sample_04410.jpg,0.43102753703445,0.43099999262656374,0.43580164048712217,0.43051741567208074,0.4293020377717357,0.42808357966178895
sample_04621.jpg,0.44108465548919434,0.44065844816315464,0.442867176683851,0.43676009064699645,0.4399047230172126,0.4399406728200745
sample_09505.jpg,0.4278195195332835,0.42779816189243125,0.4397842336347288,0.4245548515840187,0.42805717480879313,0.4263726677466717
sample_08519.jpg,0.429976611980221,0.4303880792277107,0.4326107537238544,0.424870739722758,0.434447975595809,0.42860412914354146
sample_08312.jpg,0.42857828158727884,0.42853972089914943,0.43335339296408143,0.42444815667204,0.4348189612240552,0.4288996585685087
sample_07426.jpg,0.422479929771448,0.42219760966950093,0.4336872489946566,0.4235039176676085,0.424084636967119,0.4220696303750135
sample_07214.jpg,0.43490378731766965,0.4351017993545669,0.43955270679653324,0.4323629061318649,0.43385859614321215,0.43597238445034037
sample_08832.jpg,0.43513483732511443,0.4347266765816515,0.4364113214854608,0.43100449366959265,0.4353161713842173,0.4343616369578601
sample_09789.jpg,0.42969915264920194,0.42963275228025277,0.4379773083323043,0.428045266459773,0.4297784766536461,0.4316734235097956
sample_02801.jpg,0.430476055116956,0.430156549450703,0.44249222069896893,0.4308752563999807,0.4310124893984022,0.43018532406608956
sample_01157.jpg,0.44718881569919594,0.44769480268526485,0.457336166644351,0.44941406611099377,0.45012535409804505,0.4487160252991914
sample_05617.jpg,0.43419178827344806,0.43498004913004146,0.43454993126021396,0.42893338076633225,0.4394050675740344,0.4269467950744873
sample_04712.jpg,0.4239071937295907,0.42312791872761785,0.43602995233317243,0.42014573437670355,0.4287374207906639,0.42376654506728
sample_07833.jpg,0.43732334015178986,0.43711906298001224,0.4432730334648852,0.4359310546189364,0.4403669136063681,0.43480744408489336
sample_09941.jpg,0.4273496768612686,0.42739459640786165,0.4354841419953132,0.42330329989779025,0.4253207558353558,0.42342656479460905
sample_05536.jpg,0.4230582943821212,0.4227689254351138,0.43608854621916493,0.4255859746709843,0.42561080725093736,0.4206073819709383
sample_07830.jpg,0.4405383276085274,0.440406645481296,0.4456695610351053,0.4394413854064203,0.437249827083881,0.4402520031154385
sample_00524.jpg,0.4355340771835684,0.435200947938312,0.43555242694944507,0.43363509146231793,0.4339480940732586,0.43228027233552074
sample_06213.jpg,0.43555375923209766,0.43545723060105246,0.4403834058618262,0.43683290176977646,0.4306892221515739,0.4350312247915335
sample_01319.jpg,0.4265424383060038,0.42872511412580905,0.44449160181608693,0.43007152716679004,0.4287332924955825,0.4284919016395151
sample_00051.jpg,0.4363638680183096,0.4360635660642654,0.4429010566911415,0.4356509977130654,0.4351524788842859,0.43472981538632083
sample_05641.jpg,0.42753860000953453,0.42805865058177056,0.4419577708129493,0.4235483064652348,0.4319058071134714,0.42482851251278686
sample_06187.jpg,0.4329189795562764,0.43273484669622053,0.44410418065755913,0.42553007477777194,0.43588289350828496,0.4324144640918602
sample_00196.jpg,0.4386026698086662,0.4386286016819676,0.445032735076393,0.4394186527306374,0.44010707180742775,0.4411260485838157
sample_05866.jpg,0.42907867162829866,0.429038076338605,0.4342379053409649,0.42746068521943964,0.4301765002791264,0.4274039189955023
sample_09464.jpg,0.4390375586445477,0.43916278594838415,0.4419768872396797,0.43922690222254285,0.4368894401350919,0.4412320488741201
sample_05124.jpg,0.44047669122052924,0.440413280621293,0.44569015355419944,0.43799401909093233,0.4416955531588989,0.4404248859197312
sample_03524.jpg,0.43814621592572706,0.4423114732681931,0.43622158335443517,0.4400893239942917,0.43782364497298526,0.4416051433102846
sample_06373.jpg,0.42739948770770625,0.4274764321090615,0.4332596994927705,0.42594097408086845,0.42900086013426986,0.42567871427299236
sample_00973.jpg,0.4366695980138897,0.43664476459019974,0.44021959394874954,0.4377532845521416,0.4352005696477853,0.4343661981042887
sample_05742.jpg,0.429795931640621,0.4295546174830558,0.43369168353211873,0.42694133160428427,0.4261584686415953,0.4262488171018528
sample_00395.jpg,0.41384451645116105,0.41380936403367274,0.43439479459765196,0.41258813047244297,0.4205184733573806,0.4182878260442313
sample_04613.jpg,0.4296286845516098,0.4298326525133859,0.43638168233753233,0.4293517015267483,0.42597578165157757,0.42768423611836576
sample_09615.jpg,0.42964203878188506,0.42965157652046265,0.432823855513495,0.4317672895433842,0.42456958388802946,0.4294805819382868
sample_05247.jpg,0.42439475002566335,0.4243489731017444,0.43428671914658834,0.42638763085561465,0.42727371110733303,0.4239230767164761
sample_09701.jpg,0.43638640865583317,0.43619397996251047,0.44083912843983974,0.4306460216086932,0.43785908902778187,0.43516416573428246
sample_09333.jpg,0.4206430974219032,0.4208298935736025,0.43091364576833563,0.41906134479249807,0.42150070661330363,0.415511116340471
sample_05684.jpg,0.42504789038781593,0.42556283023045016,0.4351330989308174,0.4265304849212126,0.4251354519618283,0.4219544096711546
sample_07661.jpg,0.4282261550380964,0.4278753804096678,0.4350654298697245,0.4231905126188006,0.42959754707427417,0.425327605957916
sample_06051.jpg,0.4374152998358142,0.4372841232840832,0.43572049561161696,0.4339346390761419,0.43802959167497074,0.43575318999598645
sample_03583.jpg,0.43686596235717534,0.435948998570116,0.43514225793667305,0.4329023449359394,0.43845047506203483,0.4338687738002964
sample_01644.jpg,0.4345529005945869,0.43398913466519506,0.43073210828481856,0.43148495387161184,0.43355757874188705,0.43453018499533475
sample_04540.jpg,0.44225903451118703,0.4395325242423377,0.4375097206663636,0.4393697127190735,0.44506386904980677,0.44279108027402336
sample_03742.jpg,0.42633520333427555,0.42622490500048427,0.43729797637159334,0.42644513381211996,0.4261347053551868,0.42535295135293516
sample_09149.jpg,0.4350807232983398,0.4354294962244015,0.4386198096377665,0.43327891600114377,0.43837428722945965,0.4296702221645672
sample_09504.jpg,0.42825063728430923,0.4284889927437221,0.43854741718954887,0.426414157323177,0.42945442198945905,0.4289572985104573
sample_07676.jpg,0.43598824380818135,0.4353296327972203,0.43558497627158077,0.4364656629108479,0.43039106064715976,0.43368860860555164
sample_03490.jpg,0.429685011744446,0.4297285167456703,0.43765108639849365,0.43220889608828084,0.43289468764332584,0.4269223898984776
sample_02424.jpg,0.43403831080176264,0.43362724215229687,0.44188872653841993,0.4304354193977485,0.4336685391501896,0.4302151456992062
sample_04419.jpg,0.41695251664697747,0.41697244309876463,0.4367760638555802,0.42007772654633074,0.4199330920879287,0.41880028079441156
sample_00391.jpg,0.44339940484171775,0.44258040562460615,0.44407993052515293,0.438891910476862,0.44128380651784854,0.44300244537953354
sample_02266.jpg,0.4244511025179326,0.4242474550536587,0.4344480360544519,0.42167316325315707,0.42289259082167513,0.42182209473563215
sample_07334.jpg,0.4389630885616083,0.43911533984449697,0.4376160492024935,0.4354094234193629,0.44015715466003924,0.4375464443347942
sample_03016.jpg,0.4240880989765291,0.4238003379400409,0.43501314136335406,0.4229560850174171,0.42721121250867683,0.42559851209647576
sample_03736.jpg,0.44872214167653957,0.44877388213410263,0.44919234324387647,0.44637936499260955,0.44622703318339146,0.44564623358330296
sample_00904.jpg,0.42187075030196436,0.42206456431249134,0.4327450367176277,0.42095354980823685,0.4222839101221592,0.4209575989921279
sample_09475.jpg,0.43003511000409045,0.4301587767475952,0.43380420318573504,0.4269113198136358,0.43288842837851016,0.4296533753645778
sample_04235.jpg,0.43554941895171034,0.4355019583759844,0.4394625840217346,0.43001825946548455,0.43482935849239523,0.43169590464806523
sample_00464.jpg,0.4418854501908372,0.44096767291149536,0.44233190003904155,0.43780013728678147,0.44155933713423395,0.4404228495137776
sample_07593.jpg,0.43589756500435706,0.4376509815717989,0.44595878768942976,0.4346597535717398,0.43506065530597066,0.4374607130944041
sample_08769.jpg,0.43328759420987245,0.43313732408522454,0.43553825507076904,0.43188970793822246,0.4357386302726575,0.4335412994139929
sample_03620.jpg,0.43224990172116334,0.43210543126747,0.4369624199547667,0.4347779640381751,0.43331061451598396,0.4291775690101613
sample_00151.jpg,0.43552278443055104,0.4350405049998239,0.44258486469567887,0.4330615655229857,0.43043572280338255,0.4344342016080174
sample_06086.jpg,0.447596800617119,0.44727150841670327,0.4434967169484767,0.44610275874127575,0.4464398308103513,0.44532095761784457
sample_02069.jpg,0.43694249822764486,0.4366971753599724,0.43293009458667325,0.43134777621006254,0.433268081087678,0.4314113055453375
sample_04525.jpg,0.4321352152711294,0.43447791942902075,0.44986424151641957,0.4294778197898685,0.43666234658466746,0.43403972995217843
sample_04539.jpg,0.4430643002192592,0.4430944870887825,0.43879636532737576,0.4427476189233432,0.4412913122032244,0.4407152348670935
sample_07988.jpg,0.4363339583586345,0.43745131932942655,0.4427560945811815,0.43767359014711876,0.44122123691062587,0.4381480600701088
sample_02371.jpg,0.4272332792130674,0.42704410303513646,0.4337355937509976,0.42509589982011386,0.4255936344325525,0.42741428745304194
sample_09341.jpg,0.44802917804716896,0.4485999668274207,0.44776812020270934,0.4426504238752298,0.4464949569105468,0.4459096876597107
sample_00588.jpg,0.4184906115472688,0.4182738192223242,0.43300113744571317,0.4191554408322559,0.4199635447189278,0.41945816379947937
sample_03612.jpg,0.44148529576003853,0.44132081684412244,0.4442595991212173,0.43643564564377285,0.443348202186227,0.43909595518089994
sample_00058.jpg,0.4375808395135928,0.43746254917750005,0.44041637500244074,0.4319911155020681,0.4353397315730594,0.4345553174030467
sample_05493.jpg,0.42897925931210634,0.4293907027044568,0.43153127291672505,0.42773685541908085,0.4292010841501091,0.42767894760092884
sample_08324.jpg,0.42810765814816826,0.42718064773789527,0.4341690811177469,0.4219122301278978,0.42709269332253147,0.42481168001221076
sample_02510.jpg,0.43194444870998466,0.43192421012428284,0.43551725254906465,0.4304669495711104,0.432182795615884,0.43056849717479834
sample_08354.jpg,0.4250677202409157,0.42503310398661254,0.4311729024451249,0.4250361028459527,0.4319998362990781,0.42844611065575616
sample_03476.jpg,0.42636708297965353,0.4253799930942414,0.4362057945481255,0.42472531766263383,0.4325880765972689,0.4221087691838005
sample_02557.jpg,0.4285996011736516,0.42811598602888434,0.4337717826525024,0.42715387243060204,0.4272944121630346,0.42447558320570955
sample_01348.jpg,0.4381837635680153,0.4384455068281119,0.4464447275439425,0.4382508478464866,0.43964724421580353,0.4395845954061671
sample_06023.jpg,0.4295891343597646,0.42999369083965544,0.4396878851042779,0.43071615616115266,0.4315228655727824,0.43044571888268174
sample_02049.jpg,0.43871355986436816,0.4383659957850435,0.44478441987689626,0.43169139809366486,0.4407761178957418,0.44070870997724737
sample_00715.jpg,0.4412492011345412,0.441323669188539,0.441336851532149,0.4337576294314043,0.4442097496729661,0.438663862839904
sample_06586.jpg,0.4252861613779156,0.4250961395834192,0.43471110182880796,0.42744451244066056,0.42658731683871787,0.42198589137216597
sample_06699.jpg,0.432985654711504,0.432610650086479,0.4357738526356954,0.43231289088027514,0.4296709715509393,0.42860114286313894
sample_03745.jpg,0.4211186763476302,0.4208171668387309,0.4301071207168383,0.41731123098281925,0.4245230124910878,0.42063718851592835
sample_04066.jpg,0.43165585475596996,0.43141046985062037,0.4377047941040571,0.43139805577415713,0.43800133271898556,0.4331252010455613
sample_03292.jpg,0.4260640430416595,0.42580777661311825,0.4451739310622191,0.43370633967725475,0.42935529221303925,0.43271046467321705
sample_08501.jpg,0.4316840246068307,0.4316586905829674,0.42991415400927246,0.42768652916433514,0.4318308662417732,0.42833718003895516
sample_01363.jpg,0.42559444666425783,0.425762298326414,0.42580696875808793,0.42038624872821057,0.4288304643428018,0.4227945251511748
