trees,max_samples,seed,threshold,flags,spearman_vs_first,jaccard_vs_first
400,256,2026,0.5340132050196521,9,,
400,256,2027,0.5378613941684053,8,0.9750886052303805,0.0
400,256,2028,0.5401801935244309,3,0.9734102959376809,0.0
400,512,2026,0.524017135708034,8,,
400,512,2027,0.5219053219132602,7,0.9754249286581044,0.07142857142857142
400,512,2028,0.5278664807255928,1,0.9774494292422408,0.125
2000,256,2026,0.5334169133454078,9,,
2000,256,2027,0.5340405920167822,11,0.9946582007293782,0.5384615384615384
2000,256,2028,0.5317689376375622,5,0.9948595600790134,0.5555555555555556
2000,512,2026,0.5205327652709886,7,,
2000,512,2027,0.5234352253100799,7,0.9942499020535596,0.4
2000,512,2028,0.5218718907268944,6,0.9949796084428144,0.4444444444444444
