epoch,train_loss,train_mse,train_ssim,train_gradient,train_images,validation_loss,validation_mse,validation_ssim,validation_gradient,validation_images,seconds
1,0.06440729805254183,0.011403028725033989,0.4585542848202244,0.026683111802076668,7693,0.05836568522207746,0.008599706501298853,0.4937405105833704,0.024576544768633912,1335,202.0046250000014
2,0.0602399048796288,0.008916423900347567,0.4778487759627897,0.026529287571714816,7693,0.056662499781851464,0.007903915667411093,0.5045102448722396,0.02448614394145735,1335,61.017293499957304
3,0.05875006818558682,0.008344069707387642,0.4875959534027108,0.026435634858318395,7693,0.05561433373095837,0.0075285036549362794,0.5116132072295142,0.024414627256799725,1335,55.04816690000007
4,0.05772231242379875,0.008019110446535055,0.4949488736138021,0.026362174507639707,7693,0.05505039397808496,0.007369973024262694,0.5158258277825202,0.024401349330160502,1335,55.69305670005269
5,0.0568146479374044,0.007752880648850628,0.5016294550511394,0.026291984038147337,7693,0.05424830031194044,0.007123898377830393,0.5216320842169644,0.02431591846160451,1335,53.03504210000392
6,0.05597361218512066,0.007522478219071817,0.5079661888526441,0.026226484647121663,7693,0.053675342074940714,0.006951999482227845,0.5258145805378531,0.024278228787168135,1335,54.5088962999871
7,0.05519823932212273,0.007323075751048252,0.5139252974465441,0.02616576763153479,7693,0.05321450542086519,0.006878362915544921,0.5297602146082603,0.024259945722331713,1335,56.13187420001486
8,0.054522568966486856,0.007160337001785498,0.5192173492624904,0.026107420793766087,7693,0.05283660567766718,0.00679392595374294,0.5327792878677783,0.024262479925702574,1335,52.67334139999002
9,0.053970631396977345,0.007036193897728548,0.5236194352636904,0.026059059023781573,7693,0.052715993937704896,0.0067704950330241785,0.5337745195917423,0.024258948909990797,1335,52.525017100037076
10,0.05350534386771112,0.006935607210897518,0.5273670331215062,0.02601639525092006,7693,0.052607648571332294,0.00679335691634747,0.5350637408678005,0.024258987051661542,1335,52.25768609996885
11,0.053081998959654375,0.0068484964602186565,0.5308164857491613,0.02597522512988664,7693,0.05256653365570954,0.006724358073781045,0.5348538931389426,0.024253462723801644,1335,52.19099430000642
12,0.05269297612832207,0.006769773229277716,0.533998203032754,0.025938600759837525,7693,0.05269236223081524,0.006900650520952007,0.5351822361517489,0.02431033183768224,1335,52.347428900015075
13,0.052336793681990415,0.006704015917223769,0.5369682119786158,0.025903373731748888,7693,0.05276306898294763,0.006934788243405605,0.5347824055827066,0.02436261233151629,1335,52.16651050001383
14,0.051956492610421984,0.006627185083695708,0.5400797447193805,0.02586752580483388,7693,0.05289941734812233,0.0069950283145748275,0.5339610930685693,0.02440440175629287,1335,52.88196590001462
15,0.05161410513342814,0.0065640356200028695,0.5429352774168198,0.025833998575669093,7693,0.05295702456200167,0.006947673602580801,0.5329588259427288,0.024351049760140284,1335,52.72865109995473
