source_image_id,crops,flagged,mean_novelty,latitude,longitude,sun_angle,season,resolution,flag_rate
SRC_001,38,0,0.44570987351036007,-5.0,180.0,51.987197,N-spring,0.5,0.0
SRC_002,21,0,0.41431130460801363,40.0,180.0,45.868768,N-summer,0.25,0.0
SRC_003,35,0,0.4269181797276219,0.0,180.0,38.090051,N-spring,0.25,0.0
SRC_004,181,0,0.4103670625600523,30.0,180.0,61.107468,N-autumn,0.5,0.0
SRC_005,69,0,0.4215228482695214,0.0,180.0,55.846781,N-summer,0.5,0.0
SRC_006,142,0,0.4264406993112961,-15.0,180.0,65.638079,N-spring,0.5,0.0
SRC_007,23,0,0.42378029713018484,20.0,180.0,49.485932,N-winter,0.25,0.0
SRC_008,31,0,0.433054521640292,25.0,180.0,61.005891,N-autumn,0.25,0.0
SRC_009,278,0,0.4226010060288013,-25.0,180.0,73.827745,N-spring,0.5,0.0
SRC_010,20,0,0.4508844253864746,90.0,0.0,74.440619,N-summer,0.5,0.0
SRC_011,96,0,0.43725400472053505,-20.0,180.0,70.371153,N-summer,0.25,0.0
SRC_012,12,0,0.4274941535935663,-90.0,0.0,85.677016,N-autumn,0.5,0.0
SRC_013,207,0,0.42174886523948335,50.0,180.0,54.051464,N-spring,0.5,0.0
SRC_014,80,0,0.4207176805413397,-40.0,180.0,38.480327,N-winter,0.25,0.0
SRC_015,51,0,0.41861396426338005,20.0,180.0,46.484204,N-summer,0.25,0.0
SRC_016,29,0,0.4315861195805631,10.0,180.0,55.552023,N-winter,0.5,0.0
SRC_017,13,0,0.42958344534066717,-90.0,0.0,64.6979,N-winter,0.25,0.0
SRC_018,29,0,0.4245026273458096,-90.0,0.0,67.882485,N-winter,0.25,0.0
SRC_019,7,0,0.44397571393996327,90.0,0.0,60.00919,N-summer,0.25,0.0
SRC_020,64,0,0.42356216866670615,35.0,180.0,42.075965,N-summer,0.25,0.0
SRC_021,84,0,0.4134026078954181,-90.0,0.0,68.040851,N-autumn,0.5,0.0
SRC_022,74,0,0.44376274090421813,20.0,180.0,41.513642,N-spring,0.25,0.0
SRC_023,21,0,0.438941344638652,-10.0,180.0,50.837437,N-spring,0.25,0.0
SRC_024,34,0,0.4389217184879497,10.0,180.0,53.725813,N-summer,0.25,0.0
SRC_025,2,0,0.4288769630506202,-35.0,180.0,74.862823,N-summer,0.5,0.0
SRC_026,61,0,0.45130139627964416,90.0,0.0,57.238404,N-spring,0.25,0.0
SRC_027,125,0,0.42788957002231776,35.0,180.0,41.369436,N-spring,0.5,0.0
SRC_028,36,0,0.4403466072845993,10.0,180.0,42.894848,N-spring,0.25,0.0
SRC_029,37,0,0.4438933181993334,-5.0,180.0,45.485648,N-autumn,0.25,0.0
SRC_030,181,0,0.4179730875927823,-25.0,180.0,67.936804,N-spring,0.5,0.0
SRC_031,9,0,0.46269132707193683,-90.0,0.0,62.684336,N-winter,0.5,0.0
SRC_032,14,0,0.4590104017909897,-5.0,180.0,52.490186,N-spring,0.25,0.0
SRC_033,4,0,0.4395333597684557,45.0,180.0,66.067561,N-summer,0.25,0.0
SRC_034,18,0,0.41126676212385316,40.0,180.0,46.055099,N-summer,0.25,0.0
SRC_035,20,0,0.4392722807405273,0.0,180.0,56.990187,N-autumn,0.25,0.0
SRC_036,38,0,0.4367938633314351,5.0,180.0,52.749586,N-summer,0.25,0.0
SRC_037,128,0,0.41623928039063357,15.0,180.0,44.468297,N-spring,0.25,0.0
SRC_038,55,0,0.4471995491122753,-15.0,180.0,32.097448,N-winter,0.25,0.0
SRC_039,16,0,0.46988554409132977,90.0,0.0,70.63275,N-summer,0.5,0.0
SRC_040,126,0,0.42475260593124314,90.0,0.0,57.651744,N-spring,0.5,0.0
SRC_041,108,0,0.41096576179249106,15.0,180.0,46.712049,N-summer,0.25,0.0
SRC_042,114,0,0.4188498655842347,10.0,180.0,36.92431,N-spring,0.5,0.0
SRC_043,45,0,0.42859829781527553,10.0,180.0,50.433279,N-summer,0.5,0.0
SRC_044,12,0,0.4739871302483761,-90.0,0.0,81.862162,N-autumn,0.5,0.0
SRC_045,18,0,0.4381828912030826,-90.0,0.0,70.559818,N-autumn,0.25,0.0
SRC_046,37,0,0.4234035873889477,0.0,180.0,58.061031,N-autumn,0.25,0.0
SRC_047,103,0,0.45018214367110826,0.0,180.0,48.028677,N-spring,0.5,0.0
SRC_048,31,0,0.4270500838797107,-25.0,180.0,61.920556,N-autumn,0.25,0.0
SRC_049,63,0,0.4652034912418792,5.0,180.0,42.94902,N-spring,0.25,0.0
SRC_050,53,0,0.44525533743179185,0.0,180.0,53.680047,N-summer,0.25,0.0
SRC_051,127,0,0.43990392236065523,20.0,180.0,63.609319,N-autumn,0.5,0.0
SRC_052,81,1,0.44287052385611786,5.0,180.0,51.705435,N-summer,0.25,0.012345679012345678
SRC_053,5,0,0.4275167723540065,-90.0,0.0,74.406575,N-winter,0.5,0.0
SRC_054,27,0,0.4518524126436649,5.0,180.0,37.41608,N-winter,0.25,0.0
SRC_055,51,0,0.4487114110624467,-5.0,180.0,57.335076,N-spring,0.25,0.0
SRC_056,71,0,0.429435225681904,-40.0,180.0,74.660587,N-summer,0.5,0.0
SRC_057,22,0,0.42000439925590904,-5.0,180.0,57.599617,N-summer,0.25,0.0
SRC_058,71,0,0.43835537367409355,30.0,180.0,69.060883,N-autumn,0.5,0.0
SRC_059,61,0,0.446917194947699,15.0,180.0,48.046698,N-summer,0.25,0.0
SRC_060,5,0,0.4634744681299819,90.0,0.0,64.124177,N-summer,0.25,0.0
SRC_061,82,0,0.4471088452492951,50.0,180.0,43.110277,N-spring,0.5,0.0
SRC_062,46,0,0.4248530190359907,45.0,180.0,81.508965,N-autumn,0.5,0.0
SRC_063,106,0,0.41364247259286274,25.0,180.0,41.329237,N-spring,0.25,0.0
SRC_064,13,0,0.4727434903581328,90.0,0.0,60.573524,N-spring,0.25,0.0
SRC_065,57,0,0.4430638545931863,30.0,180.0,68.700871,N-winter,0.5,0.0
SRC_066,85,1,0.4405421307996901,-10.0,180.0,61.81065,N-summer,0.5,0.011764705882352941
SRC_067,92,0,0.4403239264466315,-15.0,180.0,64.724247,N-spring,0.5,0.0
SRC_068,21,0,0.42535394536729276,0.0,180.0,56.216196,N-summer,0.25,0.0
SRC_069,107,0,0.4579540450098508,25.0,180.0,48.120522,N-summer,0.5,0.0
SRC_070,45,0,0.4482079601595007,60.0,180.0,58.788969,N-summer,0.5,0.0
SRC_071,74,0,0.45412939984587525,20.0,180.0,40.070501,N-spring,0.25,0.0
SRC_072,27,0,0.4518404104883739,15.0,180.0,46.966801,N-winter,0.25,0.0
SRC_073,42,0,0.42613416612070665,45.0,180.0,41.537171,N-spring,0.25,0.0
SRC_074,101,0,0.4528782292340331,0.0,180.0,50.25459,N-spring,0.5,0.0
SRC_075,44,0,0.423437935360305,-90.0,0.0,65.329336,N-winter,0.25,0.0
SRC_076,138,0,0.4273397048056713,25.0,180.0,63.632584,N-autumn,0.25,0.0
SRC_077,22,0,0.4376042863018346,-5.0,180.0,34.299081,N-winter,0.25,0.0
SRC_078,28,0,0.4389472030734637,15.0,180.0,40.437008,N-spring,0.25,0.0
SRC_079,1,0,0.4637096926373902,0.0,180.0,48.941622,N-spring,0.25,0.0
SRC_080,33,0,0.4340528014847044,-25.0,180.0,69.726065,N-summer,0.25,0.0
SRC_081,45,0,0.46734036707512544,-90.0,0.0,74.772433,N-autumn,0.25,0.0
SRC_082,46,0,0.42346890757835864,-10.0,180.0,60.444036,N-spring,0.25,0.0
SRC_083,28,0,0.4394467447969625,0.0,180.0,55.378885,N-spring,0.25,0.0
SRC_084,101,0,0.4198739606305596,-10.0,180.0,58.957849,N-summer,0.25,0.0
SRC_085,55,0,0.4355313426122672,0.0,180.0,39.187341,N-spring,0.25,0.0
SRC_086,38,0,0.4160752936095829,15.0,180.0,43.648742,N-summer,0.5,0.0
SRC_087,57,0,0.4360464736476464,0.0,180.0,54.65824,N-summer,0.25,0.0
SRC_088,63,0,0.42055782889143156,0.0,180.0,53.004483,N-summer,0.25,0.0
SRC_089,45,0,0.4238615555872117,10.0,180.0,48.442522,N-winter,0.25,0.0
SRC_090,28,0,0.41807923845153727,50.0,180.0,47.196626,N-summer,0.25,0.0
SRC_091,174,0,0.42142897526176326,-40.0,180.0,72.511342,N-summer,0.5,0.0
SRC_092,123,0,0.4258359899157436,5.0,180.0,57.429528,N-autumn,0.25,0.0
SRC_093,66,0,0.42223707386951415,-25.0,180.0,43.343655,N-autumn,0.5,0.0
SRC_094,63,1,0.4366033912923588,20.0,180.0,66.934532,N-autumn,0.25,0.015873015873015872
SRC_095,112,0,0.43613022697864817,-20.0,180.0,56.495654,N-spring,0.5,0.0
SRC_096,88,0,0.4324208306108616,25.0,180.0,40.422288,N-spring,0.25,0.0
SRC_097,72,0,0.43192826794402867,0.0,180.0,35.318175,N-winter,0.25,0.0
SRC_098,28,0,0.463448086533233,-45.0,180.0,70.730178,N-summer,0.25,0.0
SRC_099,112,0,0.42102776967696537,15.0,180.0,42.024472,N-spring,0.5,0.0
SRC_100,55,0,0.4297353057975633,20.0,180.0,41.506528,N-spring,0.25,0.0
SRC_101,29,0,0.46084027651403986,5.0,180.0,48.479381,N-winter,0.25,0.0
SRC_102,51,0,0.43412305085595393,-10.0,180.0,52.255853,N-spring,0.25,0.0
SRC_103,186,0,0.42249506486899135,-35.0,180.0,57.090396,N-autumn,0.25,0.0
SRC_104,66,0,0.45792112407931024,25.0,180.0,45.102036,N-summer,0.5,0.0
SRC_105,2,0,0.4441332641297052,90.0,0.0,71.333916,N-summer,0.5,0.0
SRC_106,96,0,0.45790453520649943,25.0,180.0,40.638999,N-spring,0.5,0.0
SRC_107,54,0,0.44158584269077894,20.0,180.0,65.68027,N-autumn,0.5,0.0
SRC_108,228,0,0.4236193230061125,-40.0,180.0,68.856247,N-summer,0.5,0.0
SRC_109,123,0,0.4174789290029603,50.0,180.0,54.137665,N-summer,0.25,0.0
SRC_110,6,0,0.45864935321732475,90.0,0.0,59.038071,N-summer,0.25,0.0
SRC_111,137,0,0.4473358208304837,-35.0,180.0,79.069883,N-spring,1.0,0.0
SRC_112,134,0,0.439034148978537,-30.0,180.0,67.516648,N-spring,0.5,0.0
SRC_113,37,0,0.4254892205575981,-35.0,180.0,36.668707,N-winter,0.25,0.0
SRC_114,115,0,0.42263055924151127,-10.0,180.0,58.176498,N-autumn,0.5,0.0
SRC_115,162,0,0.43864972784266276,25.0,180.0,41.8845,N-spring,0.25,0.0
SRC_116,39,0,0.4415374147313109,5.0,180.0,41.203028,N-spring,0.25,0.0
SRC_117,6,0,0.43877888304624063,-90.0,0.0,60.317034,N-winter,0.25,0.0
SRC_118,9,0,0.43993328123324377,35.0,180.0,49.493581,N-summer,0.25,0.0
SRC_119,21,0,0.45878994308373805,90.0,0.0,58.642683,N-spring,0.25,0.0
SRC_120,10,0,0.42378469586860057,90.0,0.0,69.983669,N-summer,0.25,0.0
SRC_121,145,0,0.41800928246420727,25.0,180.0,67.446292,N-autumn,0.5,0.0
SRC_122,14,0,0.4461135921535,-5.0,180.0,57.310506,N-summer,0.25,0.0
SRC_123,50,0,0.43888768893566693,0.0,180.0,54.598149,N-autumn,0.5,0.0
SRC_124,120,0,0.42526944205478195,0.0,180.0,51.928413,N-summer,0.25,0.0
SRC_125,31,0,0.42550283683214746,-5.0,180.0,52.428603,N-spring,0.25,0.0
SRC_126,107,0,0.4362859430882133,-20.0,180.0,68.779144,N-summer,0.5,0.0
SRC_127,57,0,0.426070795838992,-35.0,180.0,47.507974,N-autumn,0.5,0.0
SRC_128,5,1,0.4947377126651681,90.0,0.0,56.634817,N-spring,0.5,0.2
SRC_129,39,1,0.46746255849108265,20.0,180.0,41.057252,N-spring,0.25,0.02564102564102564
SRC_130,32,0,0.4749618933351924,25.0,180.0,37.507656,N-spring,0.25,0.0
SRC_131,67,4,0.46306130178483146,10.0,180.0,60.540464,N-autumn,0.5,0.05970149253731343
SRC_132,8,0,0.45635901851554206,5.0,180.0,51.83727,N-summer,0.25,0.0
SRC_133,108,0,0.44117336769894006,-10.0,180.0,48.887369,N-spring,0.5,0.0
SRC_134,88,0,0.4280853801060848,-30.0,180.0,69.607895,N-spring,0.5,0.0
SRC_135,38,0,0.46575567847772065,5.0,180.0,41.328761,N-winter,0.5,0.0
SRC_136,25,0,0.4304960483985622,-35.0,180.0,76.922409,N-spring,0.5,0.0
SRC_137,12,0,0.42496392937478134,-5.0,180.0,45.053172,N-spring,0.25,0.0
SRC_138,11,0,0.4342273902384994,25.0,180.0,44.714676,N-summer,0.25,0.0
SRC_139,65,0,0.428799350683432,40.0,180.0,53.533251,N-winter,0.25,0.0
SRC_140,62,0,0.4217642764322434,35.0,180.0,44.85556,N-spring,0.25,0.0
SRC_141,43,0,0.42050804787781565,-10.0,180.0,55.206291,N-spring,0.25,0.0
SRC_142,82,0,0.4426308748812066,-30.0,180.0,34.276784,N-winter,0.25,0.0
SRC_143,16,0,0.45605041136955393,90.0,0.0,68.916652,N-spring,0.5,0.0
SRC_144,81,0,0.4324602377944582,-35.0,180.0,76.731052,N-spring,0.5,0.0
SRC_145,50,0,0.43048067100945375,-5.0,180.0,52.15166,N-spring,0.25,0.0
SRC_146,81,1,0.44613661006996863,10.0,180.0,58.0428,N-summer,0.5,0.012345679012345678
SRC_147,2,0,0.4391468463670787,50.0,180.0,51.835813,N-summer,0.25,0.0
SRC_148,102,0,0.43891562010692436,-15.0,180.0,49.227137,N-autumn,0.25,0.0
SRC_149,18,0,0.4525741017913568,90.0,0.0,55.701783,N-summer,0.25,0.0
SRC_150,55,0,0.4237962148873726,10.0,180.0,50.798821,N-summer,0.5,0.0
SRC_151,91,0,0.43371613386646524,-15.0,180.0,63.408071,N-summer,0.5,0.0
SRC_152,13,0,0.4109962810610461,30.0,180.0,40.69576,N-spring,0.25,0.0
SRC_153,89,0,0.4256454099845268,-40.0,180.0,43.960452,N-autumn,0.25,0.0
SRC_154,47,6,0.47957415697622763,0.0,180.0,54.770875,N-summer,0.5,0.1276595744680851
SRC_155,5,0,0.4694306497837378,-5.0,180.0,59.117539,N-summer,0.25,0.0
SRC_156,82,0,0.42737037884024803,10.0,180.0,48.737382,N-summer,0.25,0.0
SRC_157,81,0,0.4119808528392719,40.0,180.0,44.22455,N-summer,0.25,0.0
SRC_158,156,0,0.4165022645011466,-5.0,180.0,35.954137,N-winter,0.25,0.0
SRC_159,57,0,0.41881874019122983,20.0,180.0,67.076816,N-autumn,0.25,0.0
SRC_160,6,0,0.4174788802722554,-10.0,180.0,50.604377,N-autumn,0.25,0.0
SRC_161,16,0,0.4349218842121206,5.0,180.0,52.294471,N-summer,0.25,0.0
SRC_162,7,0,0.4387555806617023,-90.0,0.0,77.7898,N-winter,0.25,0.0
SRC_163,10,0,0.416242901431207,0.0,180.0,39.987447,N-winter,0.25,0.0
SRC_164,31,0,0.44220455700144073,20.0,180.0,59.226879,N-autumn,0.25,0.0
SRC_165,54,0,0.4346808892238408,10.0,180.0,42.451267,N-winter,0.25,0.0
SRC_166,16,0,0.4777079389674136,90.0,0.0,60.094207,N-spring,0.5,0.0
SRC_167,3,0,0.4497513424246189,90.0,0.0,58.639078,N-summer,0.5,0.0
SRC_168,75,0,0.4619777669696497,90.0,0.0,64.709631,N-summer,0.25,0.0
SRC_169,95,0,0.4097914151043245,40.0,180.0,48.615664,N-summer,0.25,0.0
SRC_170,80,0,0.43709702750599744,-20.0,180.0,56.332579,N-autumn,0.25,0.0
SRC_171,97,0,0.419586201750375,-35.0,180.0,63.65778,N-spring,0.25,0.0
SRC_172,9,0,0.45098839490862225,55.0,180.0,47.744159,N-summer,0.25,0.0
