run,source_between_group_variance_fraction,spearman_mean,spearman_std,spearman_zero_fraction,spearman_sun_angle,spearman_latitude
v1,0.25482301627381304,-0.07285912722589706,0.5198527816647587,0.5434324372593601,-0.017056572479208526,0.01964135914578488
v2,0.2053380602874477,-0.07825230518967118,0.5198566927344818,0.5695341989945967,-0.024614764202669604,0.01943575448791149
v3,0.2316627678654085,-0.08753429258778316,0.5189420053937723,0.5501569771828907,-0.025000776466788534,0.0101486959824345
robust_seed,0.2132306793097725,-0.21723142574566873,0.5094963526551846,0.5700230066027006,-0.005996670397397288,0.008470889318187111
robust_split,0.23543474223334182,-0.16206336751599934,0.49570432617226784,0.5472280667414439,-0.00790880084056486,0.008155189747677049
v4,0.24701560801746375,-0.17934235088312037,0.3992542877081663,0.4417082525945024,0.016655934420254443,-0.05886713685921064
v5,0.22766853685864147,-0.10547389562697553,0.2787185243523805,0.3466122979994428,0.03478421628405143,-0.10256974576827385
improved_seed,0.24690936430115953,-0.13813177186610323,0.3864270694094347,0.43745889086371953,-0.0005695813949615177,-0.05652886500601365
improved_split,0.2674375259642216,-0.17148679674979447,0.4064675000679445,0.4234587109710683,0.012658137249945342,-0.042740368732607524
v6,0.20345250818347715,-0.024789731418844514,0.02420034468116906,0.11610718103494092,0.05865654372805377,-0.15638773892402313
v7,0.2157697475859796,-0.16282559647206066,0.5299374360734657,0.5654764429034366,-0.01340034540437219,0.0005764797455379925
v7_robust_seed,0.231310914276985,-0.23254567616153715,0.5000604271323277,0.5589578439618886,-0.00015127827832744903,0.003888120656629193
v7_robust_split,0.24313394846566205,-0.1230342354083718,0.5069590365629632,0.5428588671914361,-0.017540334550033242,0.015191167784558797
v8,0.2230135371375774,-0.1582879100676055,0.5397787162898035,0.5586209513372548,-0.00869551878338131,0.0010079962704878103
