run,latent_dim,ssim_weight,seed,split_seed,best_epoch,validation_mse,validation_ssim,validation_gradient,training_seconds,input_domain,gradient_weight,augment,trees,effective_rank,threshold,threshold_low,threshold_high,flagged,validation_cdf_distance,components,forest_min_spearman
v1,128,0.0,2026,2026,15,0.0026939863625283,0.6611360363742741,0.0140069609268659,515.4294717999874,raw,0.0,False,2000,12.167151874760107,0.5408277880005298,0.5326048036722659,0.5554156331136997,20,0.05017167734578143,3,0.9953502022545927
v2,128,0.1,2026,2026,15,0.0027395860638049,0.6717236771159957,0.0140013681995231,12137.604974200047,raw,0.0,False,2000,27.066505957890893,0.5334169133454078,0.5292211743606249,0.5386402597168548,9,0.07393050700910342,4,0.9946582007293782
v3,256,0.1,2026,2026,15,0.002598794421465,0.6738098429030731,0.0139584764659333,708.2515914000105,raw,0.0,False,2000,31.525835123693962,0.542470711355725,0.5352300825689355,0.5504698972900013,17,0.05965432747446159,4,0.9945807695628708
robust_seed,256,0.1,2027,2026,15,0.0025885585091207,0.676676766497462,0.013889100058239,8069.849382000102,raw,0.0,False,2000,47.129821829536596,0.5192608374817385,0.5159817115335935,0.5228546055860911,6,0.05536915489688349,3,0.9916693456112224
robust_split,256,0.1,2026,2027,14,0.0023513225362416,0.698485441779376,0.0131991224600637,8101.657691500033,raw,0.0,False,2000,43.85097893373777,0.5198779591890665,0.5153440267041143,0.5256586143189185,5,0.082082526256815,3,0.9917534925174761
v4,256,0.1,2026,2026,11,0.0079408923336187,0.4975211622477436,0.0266285839111578,892.1747240998666,contrast,0.0,False,2000,171.30239789534107,0.4737687550508539,0.4714006586688489,0.4766011371045805,24,0.08610899672790562,2,0.9580427640634582
v5,256,0.1,2026,2026,10,0.008554123988261,0.4712443119910012,0.0287050876413144,1031.704452999984,footprint,0.0,False,2000,193.0211470544333,0.46056572330474543,0.4591684467953923,0.4642346917020585,42,0.1107779748999464,1,0.9269395434404797
improved_seed,256,0.1,2027,2026,12,0.0077566253792803,0.5024041700906972,0.0265696281645478,575.8617159000132,contrast,0.0,False,2000,175.67598306364422,0.4701930883843747,0.4676434323238163,0.4737265801686245,11,0.08272090580148678,2,0.9454154107878529
improved_split,256,0.1,2026,2027,11,0.006724358073781,0.5348538931389426,0.0242534627238016,957.210550000018,contrast,0.0,False,2000,175.65649556135608,0.4794343071961056,0.4744187470814724,0.48373050726179895,10,0.05746530601425043,2,0.9580420556822842
v6,256,0.1,2026,2026,10,0.0090306219549811,0.4510057451559,0.0296956043185091,900.5231356000004,border_fill,0.0,False,2000,194.86943817306738,0.4597161885146351,0.45717643956799137,0.46329798006116113,78,0.09670782253600241,1,0.9247121426968244
v7,256,0.1,2026,2026,15,0.0025552325369957,0.6745829494918237,0.0138862467497265,612.1112904000038,raw,0.1,False,2000,36.70715351117315,0.5435004811812356,0.5337945443542305,0.5477323332398406,6,0.06036328300824151,3,0.9943472312947835
v7_robust_seed,256,0.1,2027,2026,15,0.0025840032094416,0.6763900147051084,0.013885818010404,557.6983202000047,raw,0.1,False,2000,46.62119623533523,0.5158919596349115,0.5123177127650965,0.5198398268188908,10,0.04916301241895116,3,0.9919284669289359
v7_robust_split,256,0.1,2026,2027,15,0.0023547955300338,0.6992985372686208,0.0130966635037227,572.6611810999966,raw,0.1,False,2000,46.961872332520336,0.5166677570386629,0.5105070507638467,0.5240901340941293,16,0.07632178306856408,3,0.9919665148794963
v8,256,0.1,2026,2026,14,0.0026778497874048,0.6686224716336501,0.0139607189364042,587.4715781999948,raw,0.1,True,2000,22.164671938430086,0.5555642015566289,0.5448313297450331,0.5609169626146748,0,0.031835941450504834,3,0.996379739867057
