left,right,spearman_all,flag_jaccard,common_heldout_images,spearman_common_heldout,all_images,flag_union_all,flag_jaccard_common_heldout,flag_union_common_heldout
v1,v2,0.9675120909485924,0.2608695652173913,3321,0.9617822983621178,10422,23,0.2,10
v1,v3,0.9595132632697085,0.37037037037037035,3321,0.9508616169302202,10422,27,0.2,10
v1,robust_seed,0.9351646122186127,0.08333333333333333,3321,0.9201484908289189,10422,24,0.0,10
v1,robust_split,0.9416123174049299,0.25,1253,0.9392719865889287,10422,20,0.0,5
v1,v4,0.6453022473977305,0.0,3321,0.6757666168476264,10422,44,0.0,15
v1,v5,0.4774984431003369,0.0,3321,0.5269093528372933,10422,62,0.0,18
v1,improved_seed,0.607044056788984,0.0,3321,0.643218103271173,10422,31,0.0,10
v1,improved_split,0.635408570815115,0.0,1253,0.6592285520574794,10422,30,0.0,7
v1,v6,0.1525816607502848,0.020833333333333332,3321,0.16074671219790546,10422,96,0.045454545454545456,22
v1,v7,0.9548535604420874,0.23809523809523808,3321,0.9466926617335392,10422,21,0.1111111111111111,9
v1,v7_robust_seed,0.9328133772656281,0.07142857142857142,3321,0.9170060859483711,10422,28,0.0,11
v1,v7_robust_split,0.9439911528707645,0.44,1253,0.9436806485048264,10422,25,0.2,5
v1,v8,0.9661122714240775,0.0,3321,0.9603353085277876,10422,20,0.0,9
v2,v3,0.9762188613739466,0.18181818181818182,3321,0.9729558508528371,10422,22,0.5,4
v2,robust_seed,0.9429943677826437,0.0,3321,0.9362455924112663,10422,15,0.0,4
v2,robust_split,0.9542661703483698,0.16666666666666666,1253,0.9602255593957904,10422,12,0.0,1
v2,v4,0.6567772517083759,0.03125,3321,0.6960671019114777,10422,32,0.0,9
v2,v5,0.48929684733715334,0.02,3321,0.5451291163390733,10422,50,0.0,12
v2,improved_seed,0.6177591329804688,0.05263157894736842,3321,0.6691097522741981,10422,19,0.0,4
v2,improved_split,0.6446306301198597,0.05555555555555555,1253,0.6751096754797978,10422,18,0.5,2
v2,v6,0.15082085996366681,0.023529411764705882,3321,0.1638560002693325,10422,85,0.0625,16
v2,v7,0.969074817016308,0.25,3321,0.965636788681609,10422,12,0.3333333333333333,3
v2,v7_robust_seed,0.9381431241659828,0.0,3321,0.9309375306348177,10422,19,0.0,5
v2,v7_robust_split,0.9559679460170054,0.13636363636363635,1253,0.9622016962552026,10422,22,0.0,2
v2,v8,0.9584208924855998,0.0,3321,0.9501089648580273,10422,9,0.0,3
v3,robust_seed,0.9487221810060905,0.15,3321,0.9418373336225329,10422,20,0.0,4
v3,robust_split,0.9566763944835013,0.29411764705882354,1253,0.9583051763405597,10422,17,0.0,1
v3,v4,0.639634085307234,0.0,3321,0.6791507126450194,10422,41,0.0,9
v3,v5,0.4862031265653185,0.0,3321,0.5408005411496684,10422,59,0.0,12
v3,improved_seed,0.6023863760146212,0.0,3321,0.6556649748269726,10422,28,0.0,4
v3,improved_split,0.6280228540124088,0.0,1253,0.6540515246402352,10422,27,0.0,3
v3,v6,0.16398511886974562,0.021505376344086023,3321,0.1717632299706356,10422,93,0.13333333333333333,15
v3,v7,0.9885315416402309,0.2777777777777778,3321,0.9870924915241092,10422,18,0.3333333333333333,3
v3,v7_robust_seed,0.945521599823712,0.125,3321,0.9387263566534682,10422,24,0.0,5
v3,v7_robust_split,0.9595109637684821,0.5714285714285714,1253,0.9618465067026992,10422,21,0.0,2
v3,v8,0.9663247143923098,0.0,3321,0.9564407430098592,10422,17,0.0,3
robust_seed,robust_split,0.9640773637266902,0.0,1253,0.9635976763522411,10422,11,,0
robust_seed,v4,0.708565488473927,0.034482758620689655,3321,0.7426027780705091,10422,29,0.16666666666666666,6
robust_seed,v5,0.5284732742842425,0.02127659574468085,3321,0.5919538531441156,10422,47,0.1111111111111111,9
robust_seed,improved_seed,0.663292837630697,0.0,3321,0.7138078714371935,10422,17,0.0,2
robust_seed,improved_split,0.698178321615291,0.0,1253,0.722414411536104,10422,16,0.0,2
robust_seed,v6,0.1597900779339921,0.012048192771084338,3321,0.19575733220248287,10422,83,0.0,15
robust_seed,v7,0.9621954087065988,0.09090909090909091,3321,0.9544852622991702,10422,11,0.0,2
robust_seed,v7_robust_seed,0.9899177497198626,0.45454545454545453,3321,0.9871087124767652,10422,11,0.5,2
robust_seed,v7_robust_split,0.9614801794978369,0.15789473684210525,1253,0.9591273375529652,10422,19,0.0,1
robust_seed,v8,0.9403273407847932,0.0,3321,0.9228569115926006,10422,6,0.0,1
robust_split,v4,0.701003581674486,0.0,1253,0.7136763081260705,10422,29,0.0,2
robust_split,v5,0.5081207178840905,0.0,1253,0.5467096038465294,10422,47,0.0,3
robust_split,improved_seed,0.6531044480736412,0.0,1253,0.6871705470196048,10422,16,0.0,1
robust_split,improved_split,0.6978638316455167,0.0,2729,0.7118823616601366,10422,15,0.0,3
robust_split,v6,0.13792533809453875,0.0,1253,0.0900393254638811,10422,83,0.0,9
robust_split,v7,0.9632486349989512,0.375,1253,0.964402538025406,10422,8,,0
robust_split,v7_robust_seed,0.9637316902186945,0.0,1253,0.9630242051663868,10422,15,,0
robust_split,v7_robust_split,0.9879770199771757,0.3125,2729,0.9892157205080524,10422,16,0.0,2
robust_split,v8,0.9479024412299825,0.0,1253,0.9454673017297429,10422,5,,0
v4,v5,0.7783386771081156,0.11864406779661017,3321,0.8053708985972688,10422,59,0.25,12
v4,improved_seed,0.8668206764023823,0.20689655172413793,3321,0.8843340902019162,10422,29,0.0,7
v4,improved_split,0.8662560925358896,0.36,1253,0.8974017946454169,10422,25,0.3333333333333333,3
v4,v6,0.3763026246285888,0.0,3321,0.37477357812657985,10422,102,0.0,20
v4,v7,0.6541730941996245,0.0,3321,0.6895370694553534,10422,30,0.0,7
v4,v7_robust_seed,0.7063388844881593,0.030303030303030304,3321,0.7406326968315514,10422,33,0.14285714285714285,7
v4,v7_robust_split,0.6990973623015087,0.0,1253,0.7073384974857291,10422,40,0.0,3
v4,v8,0.6438558536740531,0.0,3321,0.6734322733143407,10422,24,0.0,6
v5,improved_seed,0.7654474544581319,0.019230769230769232,3321,0.7885107897559903,10422,52,0.0,10
v5,improved_split,0.6833365981206483,0.061224489795918366,1253,0.7236805596891382,10422,49,0.25,4
v5,v6,0.6387696881960502,0.07142857142857142,3321,0.5971950748717645,10422,112,0.0,23
v5,v7,0.4949699112451664,0.0,3321,0.547293987594521,10422,48,0.0,10
v5,v7_robust_seed,0.5232051929695085,0.0196078431372549,3321,0.5883515733950586,10422,51,0.1,10
v5,v7_robust_split,0.5079611600200935,0.0,1253,0.5487509616768724,10422,58,0.0,4
v5,v8,0.4736192284809997,0.0,3321,0.5257223107230794,10422,42,0.0,9
improved_seed,improved_split,0.8254921643175116,0.23529411764705882,1253,0.8548932582438984,10422,17,0.0,3
improved_seed,v6,0.42863778000973735,0.0,3321,0.42506001778692615,10422,89,0.0,15
improved_seed,v7,0.6142679743704361,0.0,3321,0.6670041097251798,10422,17,0.0,2
improved_seed,v7_robust_seed,0.6582061842097767,0.0,3321,0.7114022036762587,10422,21,0.0,3
improved_seed,v7_robust_split,0.6537887659766835,0.0,1253,0.6847817039096995,10422,27,0.0,2
improved_seed,v8,0.6014754745194401,0.0,3321,0.6441843378270722,10422,11,0.0,1
improved_split,v6,0.2648296477091045,0.0,1253,0.18727716244515008,10422,88,0.0,11
improved_split,v7,0.6408129023292145,0.0,1253,0.6678427039028554,10422,16,0.0,2
improved_split,v7_robust_seed,0.6963257592673685,0.0,1253,0.7202923265892905,10422,20,0.0,2
improved_split,v7_robust_split,0.6990437590317992,0.0,2729,0.7055929643472049,10422,26,0.0,5
improved_split,v8,0.6336364437741095,0.0,1253,0.663518160691516,10422,10,0.0,2
v6,v7,0.16403386416577748,0.0,3321,0.1752088586484805,10422,84,0.0,15
v6,v7_robust_seed,0.1553657811792395,0.011494252873563218,3321,0.19194806011055018,10422,87,0.0,16
v6,v7_robust_split,0.1386146220967802,0.0,1253,0.09925151920881423,10422,94,0.0,10
v6,v8,0.1569618141478086,0.0,3321,0.16996862536005053,10422,78,0.0,14
v7,v7_robust_seed,0.9613462014927037,0.06666666666666667,3321,0.9540146977406272,10422,15,0.0,3
v7,v7_robust_split,0.9634309772000553,0.29411764705882354,1253,0.9657900940520316,10422,17,0.0,1
v7,v8,0.9674124853683245,0.0,3321,0.9561707264456882,10422,6,0.0,1
v7_robust_seed,v7_robust_split,0.9600810960325096,0.13043478260869565,1253,0.9582592923017136,10422,23,0.0,1
v7_robust_seed,v8,0.9395581922935843,0.0,3321,0.9218285619698086,10422,10,0.0,2
v7_robust_split,v8,0.9462935598328943,0.0,1253,0.9468393211109365,10422,16,0.0,1
