filename,original_score,perturbed_score,absolute_change
sample_05967.jpg,0.41424066786972485,0.414181640205771,5.902766395388115e-05
sample_06243.jpg,0.44345434681411366,0.44345434681411366,0.0
sample_02790.jpg,0.4541860865262982,0.4541860865262982,0.0
sample_04556.jpg,0.43943913781566246,0.43943913781566246,0.0
sample_10047.jpg,0.4427911421454146,0.4427911421454146,0.0
sample_00957.jpg,0.42229850799362495,0.42229850799362495,0.0
sample_06140.jpg,0.42941744086269606,0.42941744086269606,0.0
sample_00539.jpg,0.43040964036121493,0.43040964036121493,0.0
sample_02339.jpg,0.4221270356364818,0.42211275560924827,1.4280027233526393e-05
sample_02022.jpg,0.425780155216808,0.425780155216808,0.0
sample_03245.jpg,0.43336350510783317,0.43336350510783317,0.0
sample_09846.jpg,0.43618430706057687,0.43618430706057687,0.0
sample_04860.jpg,0.4365704400182552,0.4365704400182552,0.0
sample_01434.jpg,0.44662636529212074,0.4466085766310968,1.778866102392085e-05
sample_03635.jpg,0.4373094089068181,0.4373094089068181,0.0
sample_03297.jpg,0.4308032387070129,0.4308032387070129,0.0
sample_03786.jpg,0.4482170003988762,0.4482170003988762,0.0
sample_01258.jpg,0.43565694609687944,0.43565694609687944,0.0
sample_00391.jpg,0.44339940484171775,0.44339940484171775,0.0
sample_07260.jpg,0.4248668928799101,0.4248668928799101,0.0
sample_09926.jpg,0.43481999425539447,0.43481999425539447,0.0
sample_06824.jpg,0.4212344533651751,0.4211318953992881,0.00010255796588704014
sample_06599.jpg,0.42599109831158277,0.42599109831158277,0.0
sample_09649.jpg,0.4313882989855703,0.4313882989855703,0.0
sample_01135.jpg,0.42886978781855817,0.42886978781855817,0.0
sample_10215.jpg,0.44047240594756776,0.44047240594756776,0.0
sample_00735.jpg,0.4301395896957116,0.4301395896957116,0.0
sample_01638.jpg,0.42934045143052857,0.4293164732684402,2.397816208837833e-05
sample_03742.jpg,0.42633520333427555,0.42633520333427555,0.0
sample_09579.jpg,0.43436161928271605,0.43436161928271605,0.0
sample_01372.jpg,0.431352788905163,0.431352788905163,0.0
sample_03613.jpg,0.4233484036037977,0.4233484036037977,0.0
sample_09063.jpg,0.42572427660947476,0.42572427660947476,0.0
sample_04151.jpg,0.4375035737249473,0.4375035737249473,0.0
sample_02730.jpg,0.4361760534839324,0.4361760534839324,0.0
sample_04644.jpg,0.4240299657549107,0.4240299657549107,0.0
sample_01894.jpg,0.43440447954391076,0.43440447954391076,0.0
sample_07279.jpg,0.4360817303013981,0.4360817303013981,0.0
sample_00216.jpg,0.4321735943414325,0.4321735943414325,0.0
sample_04071.jpg,0.4297585043967523,0.4297585043967523,0.0
sample_03943.jpg,0.4172120189746145,0.4172120189746145,0.0
sample_06107.jpg,0.4387874897522362,0.4387874897522362,0.0
sample_07363.jpg,0.4195466815496708,0.4195466815496708,0.0
sample_02260.jpg,0.43158104941520836,0.4315149532482041,6.609616700425924e-05
sample_08398.jpg,0.4312527963101018,0.4312236193231185,2.917698698334803e-05
sample_06475.jpg,0.4446494773052666,0.4446494773052666,0.0
sample_04714.jpg,0.42896974909864777,0.42896974909864777,0.0
sample_02849.jpg,0.43507170179167154,0.43507170179167154,0.0
sample_06627.jpg,0.4301384658268478,0.4301384658268478,0.0
sample_07426.jpg,0.422479929771448,0.422479929771448,0.0
sample_05765.jpg,0.4278122637726716,0.4278122637726716,0.0
sample_08340.jpg,0.4493108998365089,0.4493108998365089,0.0
sample_07373.jpg,0.4332070090715195,0.4332070090715195,0.0
sample_02939.jpg,0.4309551284061765,0.4309551284061765,0.0
sample_02212.jpg,0.42740744309856615,0.42740744309856615,0.0
sample_08586.jpg,0.4282123277051781,0.4282123277051781,0.0
sample_00515.jpg,0.4262423633817972,0.4262423633817972,0.0
sample_04618.jpg,0.4243672305815555,0.4243672305815555,0.0
sample_00258.jpg,0.42649588947200373,0.42649588947200373,0.0
sample_03545.jpg,0.42461929843101204,0.42469135627071203,7.205783969999047e-05
sample_06832.jpg,0.41189467002841157,0.41189467002841157,0.0
sample_10380.jpg,0.4395068445582607,0.4395068445582607,0.0
sample_08646.jpg,0.4335166478249739,0.4335166478249739,0.0
sample_04263.jpg,0.4247057390297132,0.4247057390297132,0.0
sample_08616.jpg,0.42554439588236875,0.42554439588236875,0.0
sample_00264.jpg,0.4422696793233171,0.4422696793233171,0.0
sample_07523.jpg,0.41840659510054407,0.41840659510054407,0.0
sample_06590.jpg,0.42281200270978253,0.42281200270978253,0.0
sample_07416.jpg,0.4438840001941582,0.4438840001941582,0.0
sample_07078.jpg,0.43426844792210934,0.43426844792210934,0.0
sample_02922.jpg,0.4379302467620314,0.4379302467620314,0.0
sample_08878.jpg,0.42820048485361495,0.42820048485361495,0.0
sample_04351.jpg,0.4284075047579353,0.4284075047579353,0.0
sample_02262.jpg,0.43679922989616204,0.43679922989616204,0.0
sample_02351.jpg,0.4290209321953674,0.42898165120876636,3.92809866010535e-05
sample_04156.jpg,0.43402134871983317,0.43402134871983317,0.0
sample_09490.jpg,0.4333649082626406,0.4333649082626406,0.0
sample_09717.jpg,0.445834153185021,0.445834153185021,0.0
sample_04732.jpg,0.43300345517089944,0.43300345517089944,0.0
sample_08394.jpg,0.4295822895526595,0.4295822895526595,0.0
sample_03388.jpg,0.43582763989556605,0.43582763989556605,0.0
sample_00842.jpg,0.42840401488863017,0.42840401488863017,0.0
sample_05946.jpg,0.4277822180412407,0.4277822180412407,0.0
sample_03391.jpg,0.4585319327397016,0.4585319327397016,0.0
sample_08098.jpg,0.4503734860758287,0.4503734860758287,0.0
sample_08190.jpg,0.4369244699886488,0.4369244699886488,0.0
sample_00269.jpg,0.44583364680297405,0.44583364680297405,0.0
sample_09646.jpg,0.42681784911424286,0.42681784911424286,0.0
sample_08429.jpg,0.42467507594257925,0.42467507594257925,0.0
sample_04039.jpg,0.42625398608283693,0.42625398608283693,0.0
sample_05143.jpg,0.44529900408459444,0.44529900408459444,0.0
sample_04077.jpg,0.4369843329274628,0.4369843329274628,0.0
sample_09352.jpg,0.4371475179154152,0.4371475179154152,0.0
sample_04920.jpg,0.4216116416546928,0.4216116416546928,0.0
sample_10347.jpg,0.4408892658532125,0.4408892658532125,0.0
sample_01697.jpg,0.4375114089982281,0.4375114089982281,0.0
sample_01673.jpg,0.42772633364815243,0.42772633364815243,0.0
sample_06872.jpg,0.4345140080413186,0.43446319224214297,5.081579917565193e-05
sample_08953.jpg,0.42962283052747346,0.42962283052747346,0.0
sample_08769.jpg,0.43328759420987245,0.43328759420987245,0.0
sample_05644.jpg,0.4376550697553545,0.4376550697553545,0.0
sample_09236.jpg,0.43741591676290337,0.43741591676290337,0.0
sample_03244.jpg,0.43299808175662646,0.43299808175662646,0.0
sample_00471.jpg,0.4333920061710704,0.4333920061710704,0.0
sample_05742.jpg,0.429795931640621,0.429795931640621,0.0
sample_00536.jpg,0.44822698104008046,0.44822698104008046,0.0
sample_01487.jpg,0.43356020241672616,0.43356020241672616,0.0
sample_07548.jpg,0.42535185963782185,0.42535185963782185,0.0
sample_09570.jpg,0.44446119974690507,0.44446119974690507,0.0
sample_07584.jpg,0.4227535190139997,0.4227535190139997,0.0
sample_06828.jpg,0.43846151850430365,0.43846151850430365,0.0
sample_08433.jpg,0.44109480702750414,0.44109480702750414,0.0
sample_05617.jpg,0.43419178827344806,0.43419178827344806,0.0
sample_03352.jpg,0.4319131645832745,0.4319131645832745,0.0
sample_04397.jpg,0.43489370680901007,0.43489370680901007,0.0
sample_07549.jpg,0.4120131440866197,0.4120965752830113,8.343119639159235e-05
sample_06699.jpg,0.432985654711504,0.432985654711504,0.0
sample_09353.jpg,0.44349241766437564,0.44349241766437564,0.0
sample_03674.jpg,0.43638969493329044,0.43638969493329044,0.0
sample_03217.jpg,0.43886590435915096,0.43886590435915096,0.0
sample_00582.jpg,0.4258979677743259,0.42593268593747424,3.471816314831733e-05
sample_07391.jpg,0.44823095586969264,0.44823095586969264,0.0
sample_05611.jpg,0.4338089022221762,0.4338089022221762,0.0
sample_03670.jpg,0.4176329217550941,0.4176329217550941,0.0
sample_07447.jpg,0.4253184013937707,0.4253184013937707,0.0
sample_02934.jpg,0.4399459089755988,0.4399723879845238,2.647900892499555e-05
sample_07388.jpg,0.42120873793654484,0.42120873793654484,0.0
sample_07982.jpg,0.4336576657280622,0.43361382903614376,4.383669191843076e-05
sample_10034.jpg,0.43919368131104614,0.43919368131104614,0.0
sample_07745.jpg,0.443077037698745,0.443077037698745,0.0
sample_07950.jpg,0.44282303698897946,0.44282303698897946,0.0
sample_06213.jpg,0.43555375923209766,0.43555375923209766,0.0
sample_01152.jpg,0.42583613992557706,0.42583613992557706,0.0
sample_06376.jpg,0.42996657265246524,0.42996657265246524,0.0
sample_02079.jpg,0.4119171004837223,0.4119171004837223,0.0
sample_09149.jpg,0.4350807232983398,0.4350807232983398,0.0
sample_05173.jpg,0.4244198110402234,0.4244198110402234,0.0
sample_04638.jpg,0.42611069409741487,0.42611069409741487,0.0
sample_00900.jpg,0.42502425224758644,0.42502425224758644,0.0
sample_03496.jpg,0.4309047406184563,0.4309047406184563,0.0
sample_01753.jpg,0.4294681332390655,0.4294681332390655,0.0
sample_03884.jpg,0.432771789974727,0.432771789974727,0.0
sample_07757.jpg,0.4127684317803088,0.4127684317803088,0.0
sample_02869.jpg,0.4251576664268947,0.4251576664268947,0.0
sample_04566.jpg,0.4180597160036051,0.4180597160036051,0.0
sample_01270.jpg,0.4496140717076056,0.4496140717076056,0.0
sample_07021.jpg,0.4347458921997879,0.4347458921997879,0.0
sample_02874.jpg,0.4218300165521483,0.42177765843227993,5.235811986836758e-05
sample_06211.jpg,0.44214047063371553,0.44214047063371553,0.0
sample_04481.jpg,0.4351750778235084,0.4351750778235084,0.0
sample_01876.jpg,0.43033457327777175,0.43033457327777175,0.0
sample_01106.jpg,0.4408339941680815,0.4408339941680815,0.0
sample_07924.jpg,0.43882449359207193,0.43868682634158196,0.00013766725048997008
sample_04192.jpg,0.43274093047239237,0.43274093047239237,0.0
sample_04568.jpg,0.42366047364721227,0.42366047364721227,0.0
sample_04712.jpg,0.4239071937295907,0.4239071937295907,0.0
sample_07141.jpg,0.427967675416313,0.427967675416313,0.0
sample_03068.jpg,0.43352120491240875,0.43352120491240875,0.0
sample_07231.jpg,0.44652834357338483,0.44652834357338483,0.0
sample_00565.jpg,0.4420758086204504,0.4420758086204504,0.0
sample_00815.jpg,0.4430150273135023,0.4430150273135023,0.0
sample_01873.jpg,0.4459996934059356,0.4459996934059356,0.0
sample_07049.jpg,0.42621656895272453,0.42621656895272453,0.0
sample_02381.jpg,0.43288436068861497,0.43288436068861497,0.0
sample_01631.jpg,0.4280261919402664,0.4280261919402664,0.0
sample_07993.jpg,0.44208227349471757,0.44208227349471757,0.0
sample_06898.jpg,0.43220544824992174,0.43220544824992174,0.0
sample_07389.jpg,0.42896456368483926,0.42896456368483926,0.0
sample_10025.jpg,0.42192225655126653,0.4219079834514521,1.427309981444358e-05
sample_00398.jpg,0.44391245508668103,0.44391245508668103,0.0
sample_08415.jpg,0.42806878539478693,0.42806878539478693,0.0
sample_00575.jpg,0.4391867862748017,0.4391867862748017,0.0
sample_01454.jpg,0.42975853972872186,0.42975853972872186,0.0
sample_04278.jpg,0.4210420178645153,0.4210420178645153,0.0
sample_08473.jpg,0.44006308338218836,0.44006308338218836,0.0
sample_08358.jpg,0.4348650273981175,0.4348650273981175,0.0
sample_03456.jpg,0.4270074453933423,0.4270074453933423,0.0
sample_06803.jpg,0.409562112227012,0.409562112227012,0.0
sample_00893.jpg,0.4267607771448352,0.4267607771448352,0.0
sample_01683.jpg,0.44295560555553076,0.44295560555553076,0.0
sample_02100.jpg,0.4293964204300048,0.42927830896548924,0.00011811146451556898
sample_04944.jpg,0.4111873351606561,0.4111873351606561,0.0
sample_08284.jpg,0.4239909319116638,0.42399794949428327,7.017582619450735e-06
sample_03092.jpg,0.42594485441117913,0.42594485441117913,0.0
sample_05951.jpg,0.4329586306586593,0.4330029196139065,4.42889552472181e-05
sample_03490.jpg,0.429685011744446,0.42957573553973505,0.00010927620471096189
sample_02317.jpg,0.4283259961430607,0.4283259961430607,0.0
sample_04817.jpg,0.41964446931718075,0.41964446931718075,0.0
sample_02525.jpg,0.41941022860447397,0.41941022860447397,0.0
sample_03000.jpg,0.44070875789003994,0.440712332406449,3.5745164090883463e-06
sample_09928.jpg,0.4315256787511131,0.4315256787511131,0.0
sample_03162.jpg,0.43684858550917643,0.43684858550917643,0.0
sample_02407.jpg,0.44047034976622434,0.44047034976622434,0.0
sample_05536.jpg,0.4230582943821212,0.4230582943821212,0.0
sample_00524.jpg,0.4355340771835684,0.4355340771835684,0.0
sample_05842.jpg,0.44323785265611504,0.44323785265611504,0.0
sample_01636.jpg,0.4447096223650807,0.4447096223650807,0.0
sample_00970.jpg,0.4380655018629569,0.4380655018629569,0.0
sample_05899.jpg,0.43499438338934904,0.43499438338934904,0.0
sample_05755.jpg,0.4171019792246564,0.4171019792246564,0.0
sample_08156.jpg,0.4475881408576478,0.4475881408576478,0.0
sample_06331.jpg,0.436047278578714,0.436047278578714,0.0
sample_03736.jpg,0.44872214167653957,0.44872214167653957,0.0
sample_04446.jpg,0.42391423636568604,0.42391423636568604,0.0
sample_07322.jpg,0.44424207445089015,0.44424207445089015,0.0
sample_04285.jpg,0.43075672139247095,0.43075672139247095,0.0
sample_08036.jpg,0.43630345437161777,0.43630345437161777,0.0
sample_06260.jpg,0.4373614219906711,0.4373614219906711,0.0
sample_07715.jpg,0.42538363115440647,0.42538363115440647,0.0
sample_05669.jpg,0.4323383573009394,0.4323383573009394,0.0
sample_04326.jpg,0.437688500317329,0.437688500317329,0.0
sample_01247.jpg,0.4327290870224612,0.4327290870224612,0.0
sample_07128.jpg,0.43251844064531636,0.43251844064531636,0.0
sample_05124.jpg,0.44047669122052924,0.44047669122052924,0.0
sample_09285.jpg,0.43249076175957485,0.43249076175957485,0.0
sample_05331.jpg,0.42544453532128595,0.4255128890623007,6.835374101477054e-05
sample_06382.jpg,0.4288278629173895,0.4288278629173895,0.0
sample_08986.jpg,0.43256682421743814,0.43256682421743814,0.0
sample_07069.jpg,0.4299787930691174,0.4299787930691174,0.0
sample_07356.jpg,0.4519220771027926,0.4519220771027926,0.0
sample_04700.jpg,0.42649496406931475,0.42649496406931475,0.0
sample_02595.jpg,0.42731447469858824,0.42731447469858824,0.0
sample_07333.jpg,0.4396254835938471,0.4396254835938471,0.0
sample_02958.jpg,0.4294965366601233,0.42962386913957695,0.00012733247945367898
sample_02510.jpg,0.43194444870998466,0.43194444870998466,0.0
sample_04003.jpg,0.4281087730949726,0.42813947221938176,3.069912440917255e-05
sample_02244.jpg,0.44848207573718757,0.44848207573718757,0.0
sample_09710.jpg,0.4410199221019959,0.4410199221019959,0.0
sample_04839.jpg,0.4387248723282339,0.4387248723282339,0.0
sample_05314.jpg,0.41793879938505973,0.41793879938505973,0.0
sample_06899.jpg,0.4321344643738605,0.4321344643738605,0.0
sample_06921.jpg,0.4307831584451793,0.4307831584451793,0.0
sample_02994.jpg,0.4297582621616346,0.4297582621616346,0.0
sample_03564.jpg,0.43269272042644663,0.43269272042644663,0.0
sample_05344.jpg,0.44056057071713,0.44056057071713,0.0
sample_05202.jpg,0.4364135272017324,0.4364135272017324,0.0
sample_05264.jpg,0.4368900565673764,0.4368900565673764,0.0
sample_05483.jpg,0.4203183089340805,0.4203183089340805,0.0
sample_02590.jpg,0.44002201257863643,0.4400601124497485,3.8099871112085015e-05
sample_06429.jpg,0.4296771019792406,0.4296771019792406,0.0
sample_03904.jpg,0.4337674383116321,0.4337674383116321,0.0
sample_04462.jpg,0.4399742563446043,0.4399742563446043,0.0
sample_03808.jpg,0.4361882085294682,0.43609557918117076,9.262934829745717e-05
sample_01761.jpg,0.4269109658516237,0.4269109658516237,0.0
sample_09464.jpg,0.4390375586445477,0.4390375586445477,0.0
sample_06567.jpg,0.4400252110543535,0.4400252110543535,0.0
sample_02812.jpg,0.4323705166071555,0.4323705166071555,0.0
sample_01145.jpg,0.42907630513227435,0.429152415884095,7.611075182062388e-05
sample_07142.jpg,0.4345208666510169,0.4345208666510169,0.0
sample_02073.jpg,0.4389830986375125,0.4389830986375125,0.0
sample_02547.jpg,0.43914067872285223,0.43914067872285223,0.0
sample_00361.jpg,0.43313661816433763,0.43313661816433763,0.0
sample_02942.jpg,0.42757672797648516,0.42757672797648516,0.0
sample_08214.jpg,0.4265056040459156,0.4265056040459156,0.0
sample_07978.jpg,0.44895170290756337,0.44895170290756337,0.0
sample_05893.jpg,0.42759230110830565,0.42759230110830565,0.0
sample_04297.jpg,0.4298694038265667,0.4298694038265667,0.0
sample_02830.jpg,0.4335738816525088,0.4335738816525088,0.0
sample_05785.jpg,0.42273137360557855,0.42273137360557855,0.0
sample_07673.jpg,0.43820125283975697,0.43820125283975697,0.0
sample_03918.jpg,0.42498317894113774,0.42498317894113774,0.0
sample_05900.jpg,0.4348125035543373,0.4348125035543373,0.0
sample_01162.jpg,0.4281143147471407,0.4281143147471407,0.0
sample_09027.jpg,0.4427585252399403,0.44285854815000697,0.00010002291006666608
sample_07417.jpg,0.4303421601283174,0.4303421601283174,0.0
sample_02478.jpg,0.41632639688335943,0.41632639688335943,0.0
sample_09687.jpg,0.4218522384367588,0.4218522384367588,0.0
sample_09574.jpg,0.42059818665966414,0.42059818665966414,0.0
sample_01326.jpg,0.42169617532018155,0.42169617532018155,0.0
sample_00162.jpg,0.429755335374595,0.4298906175864104,0.0001352822118154129
sample_06019.jpg,0.4399158516822456,0.4399158516822456,0.0
sample_03879.jpg,0.4299398608438603,0.4299398608438603,0.0
sample_04480.jpg,0.4408930624816647,0.4408930624816647,0.0
sample_05668.jpg,0.44521573570824524,0.44521573570824524,0.0
sample_08787.jpg,0.42888393144307585,0.42888393144307585,0.0
sample_02422.jpg,0.4259884511806318,0.4259884511806318,0.0
sample_10050.jpg,0.4525044595853612,0.4525044595853612,0.0
sample_02091.jpg,0.4360929703441757,0.4360929703441757,0.0
sample_01344.jpg,0.42709064203918506,0.42709064203918506,0.0
sample_04061.jpg,0.4236773450203442,0.4236773450203442,0.0
sample_06395.jpg,0.41763387622777176,0.41763387622777176,0.0
sample_08200.jpg,0.4569053557130552,0.4569053557130552,0.0
sample_06177.jpg,0.42826920324144785,0.42826920324144785,0.0
sample_03266.jpg,0.4231059479634591,0.4231059479634591,0.0
sample_07054.jpg,0.4283124492551731,0.42837454742430264,6.209816912955413e-05
sample_06710.jpg,0.43749912774246863,0.43749912774246863,0.0
sample_04667.jpg,0.41501556085984576,0.41501556085984576,0.0
sample_00459.jpg,0.4383813542434852,0.4383813542434852,0.0
sample_03476.jpg,0.42636708297965353,0.42636708297965353,0.0
sample_00360.jpg,0.44501803612565455,0.44501803612565455,0.0
sample_00737.jpg,0.4301941221171623,0.4301941221171623,0.0
sample_01892.jpg,0.4373400286347101,0.4373400286347101,0.0
sample_07288.jpg,0.42452049806758857,0.42452049806758857,0.0
sample_00775.jpg,0.43948197327773314,0.43948197327773314,0.0
sample_08197.jpg,0.44247802763039434,0.4424961011283899,1.8073497995541032e-05
sample_00812.jpg,0.43990314450819634,0.43990314450819634,0.0
sample_03140.jpg,0.43069262545785425,0.43069262545785425,0.0
sample_09145.jpg,0.44073629285923005,0.44073629285923005,0.0
sample_10077.jpg,0.43662275415046814,0.43662275415046814,0.0
sample_04927.jpg,0.4590641382950124,0.4590641382950124,0.0
sample_10007.jpg,0.43508458995486965,0.43511184461698843,2.7254662118780804e-05
sample_04969.jpg,0.4181811298909159,0.4181640336203683,1.7096270547578563e-05
sample_04065.jpg,0.4334318143709834,0.4334318143709834,0.0
sample_05470.jpg,0.4433812487546249,0.4433812487546249,0.0
sample_09473.jpg,0.42725615167076636,0.42725615167076636,0.0
sample_00918.jpg,0.43745444802164646,0.43745444802164646,0.0
sample_02509.jpg,0.42109429430078754,0.42109429430078754,0.0
sample_05719.jpg,0.43262689323201486,0.43262689323201486,0.0
sample_09416.jpg,0.43253512869616806,0.43253512869616806,0.0
sample_05289.jpg,0.45479701618768603,0.45479701618768603,0.0
sample_02574.jpg,0.43975543818857793,0.439709899607705,4.5538580872916956e-05
sample_06779.jpg,0.44137488948359627,0.44137488948359627,0.0
sample_03598.jpg,0.44528455165944025,0.44528455165944025,0.0
sample_03261.jpg,0.4432674691508457,0.4432674691508457,0.0
sample_03475.jpg,0.43911283288361397,0.43911283288361397,0.0
sample_08863.jpg,0.45425876926942116,0.45425876926942116,0.0
sample_09230.jpg,0.42910522133343215,0.42910522133343215,0.0
sample_05988.jpg,0.44094488388690795,0.44094488388690795,0.0
sample_04334.jpg,0.425084065763774,0.425084065763774,0.0
sample_06018.jpg,0.441049296323731,0.441049296323731,0.0
sample_03832.jpg,0.4318590761482234,0.4318590761482234,0.0
sample_02901.jpg,0.4258494496461889,0.4258494496461889,0.0
sample_08631.jpg,0.4276501105445937,0.4276501105445937,0.0
sample_08571.jpg,0.42391087843782443,0.42391087843782443,0.0
sample_03220.jpg,0.42516790937234444,0.42516790937234444,0.0
sample_02424.jpg,0.43403831080176264,0.43403831080176264,0.0
sample_10285.jpg,0.42494642068681127,0.42494642068681127,0.0
sample_01542.jpg,0.44617556273238723,0.44617556273238723,0.0
sample_01578.jpg,0.41692887991960326,0.41692887991960326,0.0
sample_04120.jpg,0.437154506943742,0.437154506943742,0.0
sample_08867.jpg,0.43271618158025277,0.43271618158025277,0.0
sample_04521.jpg,0.4304192537823796,0.4304192537823796,0.0
sample_01123.jpg,0.4340455562963344,0.4340455562963344,0.0
sample_02911.jpg,0.4483408226700903,0.4483408226700903,0.0
sample_06998.jpg,0.450884901454752,0.450884901454752,0.0
sample_01817.jpg,0.42873055232581664,0.42873055232581664,0.0
sample_01037.jpg,0.427681289965061,0.427681289965061,0.0
sample_02959.jpg,0.43004256021053294,0.43004256021053294,0.0
sample_05564.jpg,0.431859077472471,0.431859077472471,0.0
sample_09605.jpg,0.42586976319310654,0.42586976319310654,0.0
sample_08296.jpg,0.4256003274157925,0.4256003274157925,0.0
sample_02140.jpg,0.4211977955580146,0.4211977955580146,0.0
sample_01294.jpg,0.43533139548449606,0.43533139548449606,0.0
sample_02159.jpg,0.44736972734721836,0.44736972734721836,0.0
sample_03851.jpg,0.4323170893316902,0.4323170893316902,0.0
sample_00507.jpg,0.43213784564172086,0.43226212441002543,0.0001242787683045643
sample_05336.jpg,0.43809440664226146,0.43809440664226146,0.0
sample_10358.jpg,0.4408125910229055,0.4408125910229055,0.0
sample_06986.jpg,0.4279830326138812,0.4279830326138812,0.0
sample_10142.jpg,0.42894497640919266,0.42894497640919266,0.0
sample_07935.jpg,0.434642946741018,0.434642946741018,0.0
sample_06460.jpg,0.42641899541748884,0.4264089461165304,1.0049300958436813e-05
sample_07773.jpg,0.4304809544833377,0.4304809544833377,0.0
sample_05528.jpg,0.439073131117803,0.439073131117803,0.0
sample_09181.jpg,0.44881262535195315,0.44881262535195315,0.0
sample_01478.jpg,0.4414116640183624,0.4414116640183624,0.0
sample_05043.jpg,0.4344722585100547,0.4344722585100547,0.0
sample_01989.jpg,0.4267884537588402,0.4267884537588402,0.0
sample_03191.jpg,0.4283148584437372,0.4283148584437372,0.0
sample_08408.jpg,0.42770046235714754,0.4278618867323288,0.00016142437518124053
sample_09225.jpg,0.4432967942408531,0.4433247545041509,2.796026329776602e-05
sample_08195.jpg,0.4174187812281537,0.4174187812281537,0.0
sample_03239.jpg,0.43698599123811416,0.43698599123811416,0.0
sample_07659.jpg,0.4311796745207666,0.4311796745207666,0.0
sample_08572.jpg,0.435115929726674,0.435115929726674,0.0
sample_05176.jpg,0.4388333782734203,0.4388333782734203,0.0
sample_08352.jpg,0.42505856585802865,0.42505856585802865,0.0
sample_08675.jpg,0.4333575537972416,0.4333575537972416,0.0
sample_10066.jpg,0.4171721473610337,0.4171721473610337,0.0
sample_07651.jpg,0.43776378182419573,0.43776378182419573,0.0
sample_09666.jpg,0.4388859943240239,0.4388859943240239,0.0
sample_07476.jpg,0.42473512348999143,0.42473512348999143,0.0
sample_02764.jpg,0.4229904066359756,0.4229904066359756,0.0
sample_05860.jpg,0.4372356124883005,0.4372356124883005,0.0
sample_04457.jpg,0.44553196642490983,0.44553196642490983,0.0
sample_05995.jpg,0.4250774101983703,0.4250774101983703,0.0
sample_02855.jpg,0.4175727285002493,0.4175727285002493,0.0
sample_06027.jpg,0.42148752235290154,0.42148752235290154,0.0
sample_07676.jpg,0.43598824380818135,0.43598824380818135,0.0
sample_04795.jpg,0.4495035924920212,0.4495035924920212,0.0
sample_03703.jpg,0.41704167848533585,0.41704167848533585,0.0
sample_05989.jpg,0.4312996910083474,0.4312996910083474,0.0
sample_09779.jpg,0.4169011130933742,0.4169011130933742,0.0
sample_07988.jpg,0.4363339583586345,0.4363339583586345,0.0
sample_01914.jpg,0.43415204902539734,0.43415204902539734,0.0
sample_08169.jpg,0.4346832272686684,0.4346832272686684,0.0
sample_09576.jpg,0.42704902021807,0.42704902021807,0.0
sample_03285.jpg,0.4355836301440327,0.4355836301440327,0.0
sample_09250.jpg,0.443299654997106,0.443299654997106,0.0
sample_01628.jpg,0.42807651638638344,0.42807651638638344,0.0
sample_04582.jpg,0.41857105451829496,0.41848577715091667,8.527736737828917e-05
sample_08664.jpg,0.4520959487760427,0.4520959487760427,0.0
sample_10024.jpg,0.44322564226754707,0.44322564226754707,0.0
sample_07099.jpg,0.43340742578467584,0.4334928826715009,8.54568868250416e-05
sample_07234.jpg,0.4454184498214833,0.4454184498214833,0.0
sample_07754.jpg,0.4382907592746337,0.4382907592746337,0.0
sample_01398.jpg,0.4425509286339765,0.44253009124877596,2.083738520053391e-05
sample_06320.jpg,0.43532402743297754,0.43532402743297754,0.0
sample_08400.jpg,0.4311034074747289,0.4311034074747289,0.0
sample_03433.jpg,0.43891074366098615,0.43891074366098615,0.0
sample_00469.jpg,0.4416122096976899,0.4416122096976899,0.0
sample_03065.jpg,0.4400534851235273,0.4400534851235273,0.0
sample_08758.jpg,0.4263853833722342,0.4263853833722342,0.0
sample_09308.jpg,0.4300357811675386,0.4300357811675386,0.0
sample_05696.jpg,0.4265805934644887,0.4265805934644887,0.0
sample_08303.jpg,0.45113232122610897,0.45113232122610897,0.0
sample_02485.jpg,0.43975854661973174,0.43975854661973174,0.0
sample_03546.jpg,0.42927597413209184,0.42927597413209184,0.0
sample_02434.jpg,0.4294511577305337,0.4294511577305337,0.0
sample_09128.jpg,0.437898562717397,0.437898562717397,0.0
sample_10217.jpg,0.4408045281173485,0.4408045281173485,0.0
sample_09458.jpg,0.4435748113718142,0.4435748113718142,0.0
sample_09294.jpg,0.44070533353400015,0.44070533353400015,0.0
sample_09701.jpg,0.43638640865583317,0.4363520570169877,3.435163884546455e-05
sample_02034.jpg,0.4429071332025393,0.4429071332025393,0.0
sample_09213.jpg,0.42586323242410523,0.42586323242410523,0.0
sample_08109.jpg,0.442241994373079,0.442241994373079,0.0
sample_03768.jpg,0.43351677350810297,0.43351677350810297,0.0
sample_07894.jpg,0.4417345533472965,0.4417345533472965,0.0
sample_05493.jpg,0.42897925931210634,0.42897925931210634,0.0
sample_03804.jpg,0.42627112746122076,0.42627112746122076,0.0
sample_01595.jpg,0.4355363918734067,0.4355363918734067,0.0
sample_03815.jpg,0.43432927759536705,0.43432927759536705,0.0
sample_08637.jpg,0.42443661027871304,0.42443661027871304,0.0
sample_01314.jpg,0.4376415046330977,0.4376415046330977,0.0
sample_05162.jpg,0.42684639469258423,0.42684639469258423,0.0
sample_03294.jpg,0.42120530521416916,0.4211151734723051,9.013174186406347e-05
sample_08715.jpg,0.4355970879600795,0.4355970879600795,0.0
sample_00598.jpg,0.4193233089615765,0.4193233089615765,0.0
sample_09728.jpg,0.4363656716115616,0.4363656716115616,0.0
sample_03425.jpg,0.4408334558542386,0.4408334558542386,0.0
sample_08112.jpg,0.42325335805153885,0.42325335805153885,0.0
sample_09051.jpg,0.43182934903715064,0.43182934903715064,0.0
sample_02573.jpg,0.4225668604386279,0.4225668604386279,0.0
sample_00826.jpg,0.4462501438797454,0.4462501438797454,0.0
sample_09135.jpg,0.4258703141535683,0.4258703141535683,0.0
sample_06095.jpg,0.43355801983575726,0.43355801983575726,0.0
sample_09248.jpg,0.4388515479739346,0.4388515479739346,0.0
sample_03524.jpg,0.43814621592572706,0.43814621592572706,0.0
sample_08751.jpg,0.44948569256384013,0.44948569256384013,0.0
sample_05657.jpg,0.4363524378471139,0.4363524378471139,0.0
sample_04999.jpg,0.4357603585244316,0.4357603585244316,0.0
sample_07479.jpg,0.4239009689136292,0.4239009689136292,0.0
sample_02179.jpg,0.4216471989474173,0.4216471989474173,0.0
sample_04572.jpg,0.4210701121155102,0.4210701121155102,0.0
sample_06958.jpg,0.43845988104093625,0.43845988104093625,0.0
sample_07892.jpg,0.4314278451889175,0.4314278451889175,0.0
sample_06681.jpg,0.4230840437855908,0.4230840437855908,0.0
sample_08093.jpg,0.42638062628061796,0.42638062628061796,0.0
sample_03791.jpg,0.43256436444445806,0.43256436444445806,0.0
sample_07722.jpg,0.4365446951317884,0.4365446951317884,0.0
sample_04005.jpg,0.42367983158434613,0.42367983158434613,0.0
sample_09953.jpg,0.4250827871752689,0.4250827871752689,0.0
sample_10340.jpg,0.4297530212278132,0.4297530212278132,0.0
sample_09924.jpg,0.43449282172896153,0.43449282172896153,0.0
sample_07724.jpg,0.4143740097351141,0.4143740097351141,0.0
sample_04241.jpg,0.4347744949730659,0.4347744949730659,0.0
sample_03293.jpg,0.4215148675715305,0.4215148675715305,0.0
sample_09994.jpg,0.4389254460265141,0.4389254460265141,0.0
sample_03978.jpg,0.43007769744307806,0.43007769744307806,0.0
sample_04229.jpg,0.4280168796598422,0.4280168796598422,0.0
sample_10287.jpg,0.4333632509050732,0.4333632509050732,0.0
sample_08369.jpg,0.4327405843047234,0.4327405843047234,0.0
sample_09278.jpg,0.4383297911881118,0.4383297911881118,0.0
sample_05275.jpg,0.43031989290322764,0.43031989290322764,0.0
sample_06985.jpg,0.4335824741120423,0.4335824741120423,0.0
sample_02248.jpg,0.4455878139897666,0.4455878139897666,0.0
sample_01724.jpg,0.44148087522151636,0.44148087522151636,0.0
sample_09356.jpg,0.4350114816841387,0.4350114816841387,0.0
sample_02242.jpg,0.4477276022679189,0.4477276022679189,0.0
sample_09006.jpg,0.43133028730566264,0.43133028730566264,0.0
sample_03612.jpg,0.44148529576003853,0.44148529576003853,0.0
sample_04344.jpg,0.4396686356174504,0.4396686356174504,0.0
sample_05191.jpg,0.4529277649809378,0.4529277649809378,0.0
sample_08850.jpg,0.43120264716475143,0.43120264716475143,0.0
sample_08619.jpg,0.4281314306904426,0.4281314306904426,0.0
sample_01220.jpg,0.4186154688011955,0.4186154688011955,0.0
sample_08823.jpg,0.42558626371124364,0.42558626371124364,0.0
sample_10209.jpg,0.44397873992814507,0.44397873992814507,0.0
sample_07039.jpg,0.43573821691958564,0.43573821691958564,0.0
sample_00651.jpg,0.43654225779219424,0.43647567793845843,6.657985373581532e-05
sample_05720.jpg,0.4299323955485159,0.4299323955485159,0.0
sample_07334.jpg,0.4389630885616083,0.4389630885616083,0.0
sample_09852.jpg,0.47215887000375234,0.47215887000375234,0.0
sample_02497.jpg,0.42566683405523414,0.42566683405523414,0.0
sample_10350.jpg,0.4176472667983278,0.4176472667983278,0.0
sample_06125.jpg,0.42000635376898443,0.42000635376898443,0.0
sample_01816.jpg,0.42748587801732035,0.42748587801732035,0.0
sample_01996.jpg,0.4542160164708118,0.4542391410985296,2.3124627717807655e-05
sample_10294.jpg,0.42743528567234745,0.42743528567234745,0.0
sample_02452.jpg,0.42237376957605316,0.42237376957605316,0.0
sample_00439.jpg,0.4283944265597179,0.4283944265597179,0.0
sample_08871.jpg,0.4325859590320926,0.4325859590320926,0.0
sample_07902.jpg,0.42511297465009223,0.42511297465009223,0.0
sample_08252.jpg,0.44540885193600643,0.44540885193600643,0.0
sample_10117.jpg,0.4267945223187837,0.4267945223187837,0.0
sample_04336.jpg,0.43193151805112134,0.43193151805112134,0.0
sample_08882.jpg,0.41845238551832886,0.41845238551832886,0.0
sample_05728.jpg,0.4294892140772127,0.4294892140772127,0.0
sample_01497.jpg,0.4362362046903945,0.4362362046903945,0.0
sample_00831.jpg,0.43202976363423,0.43202976363423,0.0
sample_04442.jpg,0.4297250933848955,0.4297250933848955,0.0
sample_03457.jpg,0.4284169183943758,0.4284169183943758,0.0
sample_06562.jpg,0.44384614481365453,0.44384614481365453,0.0
sample_04484.jpg,0.41912460041106175,0.41912460041106175,0.0
sample_03307.jpg,0.42014199839792704,0.42014199839792704,0.0
sample_01157.jpg,0.44718881569919594,0.4472799515339769,9.113583478098652e-05
sample_03631.jpg,0.4364328694767455,0.4364328694767455,0.0
sample_06804.jpg,0.426668163708764,0.426668163708764,0.0
sample_05192.jpg,0.4268595209789492,0.4268595209789492,0.0
sample_08207.jpg,0.43830052367220135,0.43830052367220135,0.0
sample_00196.jpg,0.4386026698086662,0.4386026698086662,0.0
